CaseID,Phase,SourceRegime,SourceTraceIndex
0,1,base,32
1,1,base,19
2,1,base,1651
3,1,base,2255
4,1,base,1980
5,1,base,1660
6,1,base,1416
7,1,base,701
8,1,base,1575
9,1,base,299
10,1,base,191
11,1,base,1604
12,1,base,2246
13,1,base,447
14,1,base,1340
15,1,base,899
16,1,base,1651
17,1,base,639
18,1,base,1288
19,1,base,1997
20,1,base,1085
21,1,base,1480
22,1,base,897
23,1,base,1940
24,1,base,740
25,1,base,1925
26,1,base,601
27,1,base,986
28,1,base,1075
29,1,base,153
30,1,base,1065
31,1,base,2289
32,1,base,655
33,1,base,1797
34,1,base,2472
35,1,base,381
36,1,base,59
37,1,base,1068
38,1,base,305
39,1,base,1209
40,1,base,1613
41,1,base,461
42,1,base,557
43,1,base,2293
44,1,base,10
45,1,base,571
46,1,base,2037
47,1,base,462
48,1,base,740
49,1,base,418
50,1,base,2407
51,1,base,1817
52,1,base,942
53,1,base,604
54,1,base,429
55,1,base,745
56,1,base,454
57,1,base,1858
58,1,base,1365
59,1,base,409
60,1,base,1152
61,1,base,227
62,1,base,835
63,1,base,1985
64,1,base,1421
65,1,base,87
66,1,base,71
67,1,base,559
68,1,base,1571
69,1,base,1149
70,1,base,2499
71,1,base,197
72,1,base,104
73,1,base,1034
74,1,base,2283
75,1,base,1721
76,1,base,2461
77,1,base,1975
78,1,base,697
79,1,base,912
80,1,base,1639
81,1,base,1057
82,1,base,1915
83,1,base,989
84,1,base,92
85,1,base,2265
86,1,base,2425
87,1,base,1812
88,1,base,1077
89,1,base,217
90,1,base,2209
91,1,base,2494
92,1,base,1289
93,1,base,873
94,1,base,1100
95,1,base,1591
96,1,base,1060
97,1,base,2247
98,1,base,1901
99,1,base,1822
100,1,base,2292
101,1,base,1944
102,1,base,1037
103,1,base,536
104,1,base,2044
105,1,base,1396
106,1,base,531
107,1,base,2214
108,1,base,2352
109,1,base,2483
110,1,base,797
111,1,base,1966
112,1,base,203
113,1,base,99
114,1,base,698
115,1,base,1037
116,1,base,441
117,1,base,1856
118,1,base,2269
119,1,base,807
120,1,base,2290
121,1,base,1084
122,1,base,2029
123,1,base,336
124,1,base,1377
125,1,base,791
126,1,base,35
127,1,base,547
128,1,base,1259
129,1,base,2085
130,1,base,1002
131,1,base,1782
132,1,base,2272
133,1,base,2225
134,1,base,1696
135,1,base,2293
136,1,base,675
137,1,base,1853
138,1,base,1045
139,1,base,1687
140,1,base,169
141,1,base,1125
142,1,base,2227
143,1,base,334
144,1,base,1790
145,1,base,1792
146,1,base,955
147,1,base,1992
148,1,base,2399
149,1,base,691
150,1,base,329
151,1,base,2236
152,1,base,226
153,1,base,548
154,1,base,1397
155,1,base,1343
156,1,base,401
157,1,base,825
158,1,base,2088
159,1,base,2469
160,1,base,1486
161,1,base,562
162,1,base,703
163,1,base,38
164,1,base,1542
165,1,base,2089
166,1,base,1076
167,1,base,1153
168,1,base,1767
169,1,base,697
170,1,base,1004
171,1,base,253
172,1,base,2185
173,1,base,1016
174,1,base,2404
175,1,base,1152
176,1,base,13
177,1,base,885
178,1,base,348
179,1,base,1969
180,1,base,1505
181,1,base,1150
182,1,base,781
183,1,base,1845
184,1,base,113
185,1,base,1850
186,1,base,1904
187,1,base,1567
188,1,base,1701
189,1,base,1690
190,1,base,1513
191,1,base,967
192,1,base,2147
193,1,base,1790
194,1,base,860
195,1,base,689
196,1,base,1462
197,1,base,78
198,1,base,1544
199,1,base,471
200,1,base,1101
201,1,base,1895
202,1,base,2389
203,1,base,2091
204,1,base,2121
205,1,base,1212
206,1,base,2000
207,1,base,2185
208,1,base,1745
209,1,base,2234
210,1,base,2007
211,1,base,2084
212,1,base,491
213,1,base,2335
214,1,base,447
215,1,base,235
216,1,base,596
217,1,base,867
218,1,base,2212
219,1,base,434
220,1,base,2225
221,1,base,741
222,1,base,1043
223,1,base,163
224,1,base,458
225,1,base,2046
226,1,base,583
227,1,base,1466
228,1,base,321
229,1,base,677
230,1,base,2222
231,1,base,1915
232,1,base,932
233,1,base,1481
234,1,base,2486
235,1,base,1165
236,1,base,23
237,1,base,2441
238,1,base,197
239,1,base,105
240,1,base,587
241,1,base,2192
242,1,base,1631
243,1,base,1455
244,1,base,1580
245,1,base,2498
246,1,base,1264
247,1,base,2202
248,1,base,1245
249,1,base,519
250,1,base,1810
251,1,base,1350
252,1,base,2467
253,1,base,578
254,1,base,862
255,1,base,824
256,1,base,962
257,1,base,73
258,1,base,1430
259,1,base,2286
260,1,base,1613
261,1,base,1924
262,1,base,2057
263,1,base,482
264,1,base,213
265,1,base,436
266,1,base,246
267,1,base,2474
268,1,base,2311
269,1,base,2250
270,1,base,930
271,1,base,957
272,1,base,2331
273,1,base,1305
274,1,base,398
275,1,base,984
276,1,base,694
277,1,base,463
278,1,base,991
279,1,base,1848
280,1,base,1277
281,1,base,799
282,1,base,936
283,1,base,1335
284,1,base,2496
285,1,base,1222
286,1,base,1006
287,1,base,2420
288,1,base,517
289,1,base,2460
290,1,base,717
291,1,base,2156
292,1,base,1495
293,1,base,2009
294,1,base,745
295,1,base,2245
296,1,base,1168
297,1,base,322
298,1,base,2481
299,1,base,577
300,1,base,48
301,1,base,627
302,1,base,646
303,1,base,375
304,1,base,1057
305,1,base,804
306,1,base,2350
307,1,base,1436
308,1,base,143
309,1,base,2001
310,1,base,1310
311,1,base,1043
312,1,base,1379
313,1,base,1348
314,1,base,1167
315,1,base,847
316,1,base,2397
317,1,base,2093
318,1,base,1771
319,1,base,1701
320,1,base,116
321,1,base,444
322,1,base,1945
323,1,base,1134
324,1,base,1704
325,1,base,1563
326,1,base,2262
327,1,base,122
328,1,base,1165
329,1,base,414
330,1,base,1252
331,1,base,2157
332,1,base,305
333,1,base,1800
334,1,base,2243
335,1,base,536
336,1,base,1238
337,1,base,1723
338,1,base,2483
339,1,base,1310
340,1,base,1612
341,1,base,2090
342,1,base,609
343,1,base,47
344,1,base,1106
345,1,base,2100
346,1,base,1495
347,1,base,2364
348,1,base,1632
349,1,base,1393
350,1,base,722
351,1,base,2003
352,1,base,2487
353,1,base,1843
354,1,base,1331
355,1,base,1668
356,1,base,1228
357,1,base,1360
358,1,base,164
359,1,base,908
360,1,base,720
361,1,base,45
362,1,base,823
363,1,base,1011
364,1,base,2260
365,1,base,99
366,1,base,998
367,1,base,1012
368,1,base,391
369,1,base,719
370,1,base,502
371,1,base,184
372,1,base,1545
373,1,base,414
374,1,base,2410
375,1,base,333
376,1,base,32
377,1,base,331
378,1,base,172
379,1,base,2453
380,1,base,2287
381,1,base,2218
382,1,base,2076
383,1,base,1044
384,1,base,399
385,1,base,1069
386,1,base,635
387,1,base,245
388,1,base,244
389,1,base,1552
390,1,base,583
391,1,base,325
392,1,base,800
393,1,base,1430
394,1,base,1428
395,1,base,1769
396,1,base,1143
397,1,base,1025
398,1,base,2331
399,1,base,1257
400,1,base,895
401,1,base,1157
402,1,base,153
403,1,base,183
404,1,base,1730
405,1,base,1693
406,1,base,349
407,1,base,2080
408,1,base,1026
409,1,base,1176
410,1,base,633
411,1,base,279
412,1,base,2371
413,1,base,864
414,1,base,1239
415,1,base,1961
416,1,base,393
417,1,base,59
418,1,base,6
419,1,base,947
420,1,base,1157
421,1,base,1
422,1,base,1063
423,1,base,1126
424,1,base,850
425,1,base,1289
426,1,base,755
427,1,base,873
428,1,base,467
429,1,base,834
430,1,base,1236
431,1,base,1301
432,1,base,1819
433,1,base,1591
434,1,base,2091
435,1,base,642
436,1,base,2024
437,1,base,1489
438,1,base,294
439,1,base,2129
440,1,base,1990
441,1,base,1516
442,1,base,2046
443,1,base,841
444,1,base,1411
445,1,base,862
446,1,base,1937
447,1,base,1890
448,1,base,605
449,1,base,1743
450,1,base,1873
451,1,base,755
452,1,base,2137
453,1,base,887
454,1,base,1162
455,1,base,1056
456,1,base,39
457,1,base,87
458,1,base,2113
459,1,base,1474
460,1,base,1782
461,1,base,571
462,1,base,133
463,1,base,1046
464,1,base,1730
465,1,base,1464
466,1,base,1344
467,1,base,2264
468,1,base,1962
469,1,base,926
470,1,base,577
471,1,base,2180
472,1,base,1302
473,1,base,470
474,1,base,1204
475,1,base,968
476,1,base,279
477,1,base,1196
478,1,base,617
479,1,base,63
480,1,base,542
481,1,base,1216
482,1,base,2311
483,1,base,683
484,1,base,1448
485,1,base,1357
486,1,base,2424
487,1,base,1219
488,1,base,1633
489,1,base,1544
490,1,base,414
491,1,base,1752
492,1,base,767
493,1,base,1051
494,1,base,107
495,1,base,2080
496,1,base,880
497,1,base,707
498,1,base,1662
499,1,base,1091
500,1,base,1580
501,1,base,1115
502,1,base,487
503,1,base,2056
504,1,base,1233
505,1,base,1294
506,1,base,1999
507,1,base,2454
508,1,base,969
509,1,base,1465
510,1,base,1540
511,1,base,2211
512,1,base,1478
513,1,base,990
514,1,base,2422
515,1,base,2263
516,1,base,1003
517,1,base,2271
518,1,base,509
519,1,base,1513
520,1,base,1913
521,1,base,574
522,1,base,786
523,1,base,546
524,1,base,2442
525,1,base,1129
526,1,base,1687
527,1,base,386
528,1,base,1635
529,1,base,2059
530,1,base,1155
531,1,base,1188
532,1,base,235
533,1,base,2328
534,1,base,792
535,1,base,1718
536,1,base,1420
537,1,base,1837
538,1,base,110
539,1,base,1516
540,1,base,1507
541,1,base,1016
542,1,base,2109
543,1,base,1549
544,1,base,1458
545,1,base,1156
546,1,base,94
547,1,base,2388
548,1,base,1843
549,1,base,1883
550,1,base,132
551,1,base,341
552,1,base,869
553,1,base,2307
554,1,base,246
555,1,base,2086
556,1,base,131
557,1,base,2497
558,1,base,542
559,1,base,2348
560,1,base,2425
561,1,base,1547
562,1,base,731
563,1,base,552
564,1,base,963
565,1,base,2181
566,1,base,469
567,1,base,1201
568,1,base,2217
569,1,base,1718
570,1,base,367
571,1,base,1471
572,1,base,1296
573,1,base,1366
574,1,base,668
575,1,base,1001
576,1,base,1351
577,1,base,68
578,1,base,1791
579,1,base,1125
580,1,base,1757
581,1,base,1194
582,1,base,1326
583,1,base,2208
584,1,base,378
585,1,base,1184
586,1,base,89
587,1,base,1499
588,1,base,161
589,1,base,406
590,1,base,729
591,1,base,1213
592,1,base,2288
593,1,base,225
594,1,base,2073
595,1,base,137
596,1,base,523
597,1,base,1304
598,1,base,1838
599,1,base,610
600,1,base,2246
601,1,base,2499
602,1,base,586
603,1,base,814
604,1,base,83
605,1,base,821
606,1,base,735
607,1,base,1227
608,1,base,1561
609,1,base,839
610,1,base,2229
611,1,base,1985
612,1,base,328
613,1,base,1488
614,1,base,527
615,1,base,1774
616,1,base,358
617,1,base,218
618,1,base,1526
619,1,base,1193
620,1,base,1442
621,1,base,714
622,1,base,387
623,1,base,1401
624,1,base,1450
625,1,base,453
626,1,base,2302
627,1,base,1749
628,1,base,833
629,1,base,1621
630,1,base,1202
631,1,base,1731
632,1,base,1827
633,1,base,2308
634,1,base,1150
635,1,base,788
636,1,base,888
637,1,base,2307
638,1,base,746
639,1,base,1612
640,1,base,60
641,1,base,1519
642,1,base,646
643,1,base,178
644,1,base,1915
645,1,base,1940
646,1,base,511
647,1,base,1363
648,1,base,78
649,1,base,624
650,1,base,1871
651,1,base,1862
652,1,base,2471
653,1,base,1398
654,1,base,1579
655,1,base,2452
656,1,base,1468
657,1,base,1305
658,1,base,501
659,1,base,222
660,1,base,1210
661,1,base,970
662,1,base,1389
663,1,base,1645
664,1,base,2457
665,1,base,1591
666,1,base,2337
667,1,base,1328
668,1,base,2257
669,1,base,1850
670,1,base,2420
671,1,base,2377
672,1,base,2159
673,1,base,1886
674,1,base,158
675,1,base,474
676,1,base,1
677,1,base,1301
678,1,base,1285
679,1,base,517
680,1,base,1409
681,1,base,1823
682,1,base,517
683,1,base,1182
684,1,base,961
685,1,base,2486
686,1,base,62
687,1,base,884
688,1,base,1125
689,1,base,1152
690,1,base,587
691,1,base,568
692,1,base,1320
693,1,base,229
694,1,base,1551
695,1,base,160
696,1,base,846
697,1,base,2223
698,1,base,50
699,1,base,1091
700,1,base,1995
701,1,base,2138
702,1,base,534
703,1,base,2340
704,1,base,171
705,1,base,865
706,1,base,824
707,1,base,844
708,1,base,260
709,1,base,2459
710,1,base,115
711,1,base,504
712,1,base,2073
713,1,base,1380
714,1,base,423
715,1,base,1679
716,1,base,2157
717,1,base,1149
718,1,base,506
719,1,base,453
720,1,base,1174
721,1,base,2407
722,1,base,1813
723,1,base,1519
724,1,base,1136
725,1,base,38
726,1,base,1126
727,1,base,1694
728,1,base,1257
729,1,base,2453
730,1,base,1001
731,1,base,2447
732,1,base,2430
733,1,base,1841
734,1,base,223
735,1,base,1396
736,1,base,454
737,1,base,1491
738,1,base,133
739,1,base,680
740,1,base,1870
741,1,base,1101
742,1,base,2122
743,1,base,1862
744,1,base,950
745,1,base,111
746,1,base,1605
747,1,base,1260
748,1,base,709
749,1,base,1358
750,1,base,1712
751,1,base,978
752,1,base,206
753,1,base,411
754,1,base,2401
755,1,base,1253
756,1,base,2082
757,1,base,1434
758,1,base,1424
759,1,base,815
760,1,base,190
761,1,base,110
762,1,base,1238
763,1,base,1055
764,1,base,1806
765,1,base,1320
766,1,base,173
767,1,base,138
768,1,base,428
769,1,base,329
770,1,base,2221
771,1,base,1179
772,1,base,1275
773,1,base,1752
774,1,base,855
775,1,base,1593
776,1,base,2450
777,1,base,1856
778,1,base,1326
779,1,base,1754
780,1,base,371
781,1,base,2320
782,1,base,2443
783,1,base,441
784,1,base,62
785,1,base,609
786,1,base,1852
787,1,base,2256
788,1,base,2343
789,1,base,1262
790,1,base,2046
791,1,base,741
792,1,base,319
793,1,base,1414
794,1,base,1306
795,1,base,1200
796,1,base,2068
797,1,base,1024
798,1,base,1403
799,1,base,59
800,1,base,1518
801,1,base,1901
802,1,base,1942
803,1,base,2490
804,1,base,951
805,1,base,1324
806,1,base,627
807,1,base,2376
808,1,base,537
809,1,base,954
810,1,base,1166
811,1,base,1186
812,1,base,1437
813,1,base,1334
814,1,base,1736
815,1,base,662
816,1,base,2013
817,1,base,1539
818,1,base,2181
819,1,base,1526
820,1,base,343
821,1,base,261
822,1,base,485
823,1,base,857
824,1,base,95
825,1,base,1012
826,1,base,2470
827,1,base,2107
828,1,base,805
829,1,base,2343
830,1,base,44
831,1,base,2235
832,1,base,1515
833,1,base,1040
834,1,base,1841
835,1,base,788
836,1,base,1471
837,1,base,1100
838,1,base,2403
839,1,base,2314
840,1,base,2254
841,1,base,164
842,1,base,1799
843,1,base,867
844,1,base,788
845,1,base,2330
846,1,base,1493
847,1,base,420
848,1,base,2009
849,1,base,732
850,1,base,1163
851,1,base,378
852,1,base,1747
853,1,base,2208
854,1,base,1303
855,1,base,4
856,1,base,817
857,1,base,1913
858,1,base,1627
859,1,base,675
860,1,base,2310
861,1,base,172
862,1,base,896
863,1,base,485
864,1,base,1162
865,1,base,292
866,1,base,220
867,1,base,980
868,1,base,760
869,1,base,2262
870,1,base,193
871,1,base,1641
872,1,base,1188
873,1,base,442
874,1,base,2325
875,1,base,61
876,1,base,828
877,1,base,1455
878,1,base,657
879,1,base,95
880,1,base,1622
881,1,base,508
882,1,base,480
883,1,base,1625
884,1,base,1632
885,1,base,2052
886,1,base,2018
887,1,base,1178
888,1,base,1983
889,1,base,1422
890,1,base,1569
891,1,base,1128
892,1,base,497
893,1,base,1188
894,1,base,413
895,1,base,887
896,1,base,663
897,1,base,1896
898,1,base,560
899,1,base,2185
900,1,base,1714
901,1,base,2283
902,1,base,773
903,1,base,474
904,1,base,145
905,1,base,2330
906,1,base,926
907,1,base,481
908,1,base,868
909,1,base,299
910,1,base,191
911,1,base,1256
912,1,base,2097
913,1,base,2296
914,1,base,468
915,1,base,162
916,1,base,2154
917,1,base,2260
918,1,base,754
919,1,base,1268
920,1,base,123
921,1,base,465
922,1,base,1622
923,1,base,1644
924,1,base,1526
925,1,base,315
926,1,base,742
927,1,base,1064
928,1,base,1813
929,1,base,2453
930,1,base,1330
931,1,base,105
932,1,base,1999
933,1,base,1790
934,1,base,1942
935,1,base,1518
936,1,base,781
937,1,base,2322
938,1,base,1088
939,1,base,1648
940,1,base,1914
941,1,base,659
942,1,base,447
943,1,base,1053
944,1,base,2199
945,1,base,1208
946,1,base,2461
947,1,base,2219
948,1,base,1266
949,1,base,1489
950,1,base,814
951,1,base,134
952,1,base,213
953,1,base,1007
954,1,base,347
955,1,base,541
956,1,base,1005
957,1,base,1620
958,1,base,1905
959,1,base,2420
960,1,base,2010
961,1,base,345
962,1,base,2135
963,1,base,1822
964,1,base,1490
965,1,base,450
966,1,base,2413
967,1,base,37
968,1,base,1879
969,1,base,2422
970,1,base,2271
971,1,base,986
972,1,base,1478
973,1,base,2049
974,1,base,972
975,1,base,2361
976,1,base,1200
977,1,base,2222
978,1,base,2110
979,1,base,360
980,1,base,1140
981,1,base,845
982,1,base,2390
983,1,base,428
984,1,base,1019
985,1,base,1169
986,1,base,1495
987,1,base,684
988,1,base,857
989,1,base,1190
990,1,base,336
991,1,base,1757
992,1,base,853
993,1,base,1131
994,1,base,2288
995,1,base,224
996,1,base,1433
997,1,base,2437
998,1,base,192
999,1,base,1686
1000,2,base,2295
1001,2,base,2030
1002,2,base,2349
1003,2,base,697
1004,2,base,2289
1005,2,base,1594
1006,2,base,1627
1007,2,base,538
1008,2,base,1303
1009,2,base,2209
1010,2,base,2410
1011,2,base,836
1012,2,base,706
1013,2,base,729
1014,2,base,815
1015,2,base,452
1016,2,base,797
1017,2,base,909
1018,2,base,1911
1019,2,modified,2012
1020,2,base,747
1021,2,base,1616
1022,2,base,1707
1023,2,base,1290
1024,2,base,190
1025,2,base,1599
1026,2,modified,1890
1027,2,base,2009
1028,2,base,1714
1029,2,base,2316
1030,2,base,1364
1031,2,base,1172
1032,2,base,1438
1033,2,base,1444
1034,2,base,1443
1035,2,base,2337
1036,2,base,2240
1037,2,base,463
1038,2,base,2442
1039,2,base,201
1040,2,base,2484
1041,2,base,1524
1042,2,base,627
1043,2,base,430
1044,2,base,576
1045,2,base,1108
1046,2,base,579
1047,2,modified,797
1048,2,base,994
1049,2,base,596
1050,2,base,112
1051,2,base,439
1052,2,base,300
1053,2,base,1129
1054,2,base,1408
1055,2,base,1188
1056,2,base,1457
1057,2,base,697
1058,2,base,2476
1059,2,base,206
1060,2,base,212
1061,2,base,2144
1062,2,base,1645
1063,2,modified,656
1064,2,base,1346
1065,2,base,1865
1066,2,base,121
1067,2,base,2203
1068,2,base,2010
1069,2,base,3
1070,2,base,1492
1071,2,base,901
1072,2,base,836
1073,2,base,518
1074,2,base,50
1075,2,base,1429
1076,2,base,600
1077,2,base,2051
1078,2,base,47
1079,2,modified,1730
1080,2,base,244
1081,2,base,1649
1082,2,base,1480
1083,2,base,170
1084,2,base,719
1085,2,base,1186
1086,2,base,633
1087,2,base,425
1088,2,base,421
1089,2,base,482
1090,2,modified,333
1091,2,base,1378
1092,2,base,1815
1093,2,base,1063
1094,2,base,1140
1095,2,base,2112
1096,2,base,2475
1097,2,base,1598
1098,2,modified,2196
1099,2,base,1596
1100,2,base,1902
1101,2,base,2307
1102,2,base,1849
1103,2,base,36
1104,2,base,2018
1105,2,base,806
1106,2,base,2039
1107,2,base,563
1108,2,base,1539
1109,2,modified,162
1110,2,base,2488
1111,2,base,1837
1112,2,base,1279
1113,2,base,532
1114,2,base,436
1115,2,base,156
1116,2,modified,1438
1117,2,modified,1498
1118,2,base,2324
1119,2,base,1816
1120,2,base,2100
1121,2,base,2010
1122,2,modified,2184
1123,2,base,98
1124,2,base,519
1125,2,modified,1653
1126,2,modified,750
1127,2,base,1477
1128,2,base,2312
1129,2,base,1501
1130,2,base,177
1131,2,base,1697
1132,2,base,540
1133,2,base,2116
1134,2,base,1838
1135,2,base,1395
1136,2,base,431
1137,2,base,1215
1138,2,modified,1245
1139,2,base,1610
1140,2,base,673
1141,2,base,1281
1142,2,base,688
1143,2,base,1841
1144,2,base,1496
1145,2,base,1765
1146,2,base,2252
1147,2,base,1499
1148,2,base,325
1149,2,base,925
1150,2,base,2150
1151,2,base,1766
1152,2,base,1526
1153,2,base,915
1154,2,base,1790
1155,2,base,2314
1156,2,modified,2171
1157,2,base,791
1158,2,base,2428
1159,2,base,24
1160,2,base,195
1161,2,base,1325
1162,2,base,2310
1163,2,base,405
1164,2,base,1876
1165,2,modified,1036
1166,2,base,2381
1167,2,modified,16
1168,2,base,510
1169,2,modified,1305
1170,2,base,1466
1171,2,base,1669
1172,2,base,1380
1173,2,base,128
1174,2,base,1838
1175,2,base,775
1176,2,base,1130
1177,2,base,676
1178,2,base,54
1179,2,base,1124
1180,2,modified,2382
1181,2,modified,1915
1182,2,base,171
1183,2,base,1346
1184,2,base,1255
1185,2,base,1846
1186,2,base,1208
1187,2,base,417
1188,2,base,2104
1189,2,base,51
1190,2,base,929
1191,2,base,2388
1192,2,base,1909
1193,2,base,2306
1194,2,base,232
1195,2,base,642
1196,2,base,729
1197,2,base,1933
1198,2,base,1536
1199,2,modified,1238
1200,2,base,1330
1201,2,modified,566
1202,2,base,2032
1203,2,base,572
1204,2,modified,1412
1205,2,base,44
1206,2,modified,1093
1207,2,modified,1509
1208,2,base,804
1209,2,base,1207
1210,2,base,437
1211,2,base,2069
1212,2,base,1588
1213,2,modified,796
1214,2,base,1391
1215,2,base,1565
1216,2,modified,1334
1217,2,base,625
1218,2,base,1352
1219,2,base,2363
1220,2,base,2362
1221,2,base,2045
1222,2,base,1638
1223,2,base,2363
1224,2,base,912
1225,2,base,189
1226,2,modified,613
1227,2,base,2474
1228,2,base,1930
1229,2,base,3
1230,2,base,858
1231,2,base,1185
1232,2,base,1598
1233,2,base,1826
1234,2,base,1469
1235,2,modified,107
1236,2,modified,1303
1237,2,base,2298
1238,2,base,572
1239,2,base,321
1240,2,base,1476
1241,2,modified,1229
1242,2,modified,1770
1243,2,base,1585
1244,2,base,1787
1245,2,modified,235
1246,2,base,2149
1247,2,base,933
1248,2,base,298
1249,2,base,2286
1250,2,base,1144
1251,2,base,1229
1252,2,base,1732
1253,2,base,1059
1254,2,modified,903
1255,2,base,2196
1256,2,base,1696
1257,2,base,238
1258,2,base,1542
1259,2,base,2243
1260,2,modified,1362
1261,2,modified,344
1262,2,base,821
1263,2,base,1474
1264,2,modified,2186
1265,2,base,717
1266,2,base,2433
1267,2,base,1654
1268,2,base,1073
1269,2,modified,908
1270,2,modified,1280
1271,2,modified,137
1272,2,base,1895
1273,2,modified,556
1274,2,base,797
1275,2,base,2287
1276,2,modified,36
1277,2,modified,926
1278,2,modified,99
1279,2,modified,508
1280,2,base,1810
1281,2,base,2377
1282,2,modified,1740
1283,2,base,839
1284,2,modified,105
1285,2,base,2349
1286,2,base,1531
1287,2,base,1987
1288,2,modified,1343
1289,2,base,313
1290,2,modified,2075
1291,2,base,1626
1292,2,base,588
1293,2,base,2310
1294,2,base,2226
1295,2,base,2325
1296,2,base,1025
1297,2,base,1893
1298,2,base,416
1299,2,base,1437
1300,2,modified,1053
1301,2,base,871
1302,2,base,1987
1303,2,modified,2308
1304,2,base,1566
1305,2,base,1500
1306,2,base,1839
1307,2,modified,1916
1308,2,modified,2309
1309,2,base,1659
1310,2,base,1379
1311,2,modified,71
1312,2,base,2253
1313,2,modified,1919
1314,2,base,1706
1315,2,modified,2337
1316,2,base,580
1317,2,base,2025
1318,2,base,951
1319,2,base,2451
1320,2,base,941
1321,2,base,377
1322,2,base,2245
1323,2,base,1660
1324,2,base,853
1325,2,base,1109
1326,2,modified,1597
1327,2,modified,1020
1328,2,base,1661
1329,2,base,1381
1330,2,base,2425
1331,2,base,800
1332,2,base,536
1333,2,modified,1465
1334,2,base,144
1335,2,base,637
1336,2,base,250
1337,2,base,1209
1338,2,modified,631
1339,2,base,2463
1340,2,base,541
1341,2,base,1913
1342,2,modified,1363
1343,2,base,324
1344,2,base,1046
1345,2,modified,2057
1346,2,modified,934
1347,2,base,622
1348,2,base,1151
1349,2,modified,360
1350,2,base,2301
1351,2,base,2041
1352,2,modified,2430
1353,2,base,2321
1354,2,base,1926
1355,2,base,85
1356,2,base,2470
1357,2,base,2235
1358,2,base,2298
1359,2,base,1511
1360,2,base,970
1361,2,base,2220
1362,2,modified,1449
1363,2,modified,1287
1364,2,base,1026
1365,2,modified,2455
1366,2,base,1851
1367,2,modified,2138
1368,2,modified,1901
1369,2,modified,966
1370,2,base,1185
1371,2,modified,1812
1372,2,base,972
1373,2,base,1787
1374,2,base,1318
1375,2,modified,1230
1376,2,modified,1364
1377,2,base,1337
1378,2,base,1802
1379,2,base,1860
1380,2,base,1364
1381,2,base,1664
1382,2,base,1639
1383,2,base,106
1384,2,base,892
1385,2,base,1027
1386,2,base,2433
1387,2,modified,117
1388,2,base,2439
1389,2,modified,997
1390,2,modified,2409
1391,2,base,821
1392,2,base,991
1393,2,base,1714
1394,2,modified,2417
1395,2,base,1534
1396,2,modified,185
1397,2,base,308
1398,2,base,2206
1399,2,base,1566
1400,2,base,1633
1401,2,modified,787
1402,2,modified,2225
1403,2,base,1505
1404,2,base,832
1405,2,modified,1042
1406,2,base,2289
1407,2,base,1589
1408,2,base,2104
1409,2,modified,1232
1410,2,modified,1284
1411,2,base,1468
1412,2,modified,894
1413,2,base,608
1414,2,modified,1943
1415,2,modified,262
1416,2,base,1056
1417,2,base,2073
1418,2,base,1876
1419,2,modified,881
1420,2,modified,629
1421,2,base,1216
1422,2,base,2217
1423,2,modified,1081
1424,2,modified,2475
1425,2,base,459
1426,2,modified,1300
1427,2,modified,1270
1428,2,base,110
1429,2,modified,2284
1430,2,base,1995
1431,2,base,821
1432,2,base,1422
1433,2,base,458
1434,2,base,1404
1435,2,base,630
1436,2,base,2184
1437,2,base,1906
1438,2,base,2289
1439,2,base,2333
1440,2,modified,503
1441,2,modified,2194
1442,2,modified,1552
1443,2,modified,2090
1444,2,modified,690
1445,2,base,1483
1446,2,modified,2234
1447,2,modified,306
1448,2,base,2208
1449,2,modified,634
1450,2,modified,77
1451,2,base,1773
1452,2,base,890
1453,2,modified,355
1454,2,modified,1502
1455,2,base,364
1456,2,base,2473
1457,2,modified,2382
1458,2,base,2174
1459,2,modified,1573
1460,2,base,580
1461,2,base,1109
1462,2,base,855
1463,2,modified,1208
1464,2,modified,117
1465,2,base,1127
1466,2,base,637
1467,2,modified,2420
1468,2,base,1894
1469,2,base,1488
1470,2,modified,269
1471,2,modified,1954
1472,2,base,597
1473,2,base,305
1474,2,base,2409
1475,2,base,923
1476,2,base,734
1477,2,base,247
1478,2,modified,1737
1479,2,modified,197
1480,2,modified,1910
1481,2,base,450
1482,2,modified,2430
1483,2,modified,1590
1484,2,base,231
1485,2,modified,320
1486,2,modified,708
1487,2,base,1347
1488,2,base,812
1489,2,base,1490
1490,2,modified,1364
1491,2,modified,2116
1492,2,modified,476
1493,2,base,1366
1494,2,base,1827
1495,2,base,1623
1496,2,base,1162
1497,2,base,286
1498,2,modified,563
1499,2,base,1187
1500,2,base,2449
1501,2,modified,486
1502,2,modified,1753
1503,2,base,721
1504,2,modified,333
1505,2,modified,1514
1506,2,base,984
1507,2,base,545
1508,2,modified,1761
1509,2,base,1456
1510,2,modified,2446
1511,2,modified,1619
1512,2,modified,1991
1513,2,base,1599
1514,2,base,689
1515,2,modified,157
1516,2,modified,438
1517,2,base,2186
1518,2,base,1529
1519,2,base,1463
1520,2,modified,876
1521,2,modified,1378
1522,2,modified,2144
1523,2,modified,345
1524,2,base,592
1525,2,base,486
1526,2,modified,219
1527,2,modified,2158
1528,2,base,2394
1529,2,modified,1094
1530,2,modified,2126
1531,2,modified,865
1532,2,base,2172
1533,2,base,735
1534,2,modified,469
1535,2,base,770
1536,2,modified,217
1537,2,base,169
1538,2,base,1867
1539,2,base,2217
1540,2,modified,2202
1541,2,base,903
1542,2,modified,1396
1543,2,modified,915
1544,2,base,2325
1545,2,base,1644
1546,2,base,1616
1547,2,base,1795
1548,2,base,890
1549,2,modified,1448
1550,2,modified,1757
1551,2,base,1168
1552,2,base,1467
1553,2,modified,366
1554,2,modified,1654
1555,2,base,1845
1556,2,base,146
1557,2,modified,976
1558,2,modified,270
1559,2,base,2057
1560,2,modified,2362
1561,2,modified,2003
1562,2,modified,665
1563,2,modified,1006
1564,2,base,1147
1565,2,base,31
1566,2,modified,1121
1567,2,modified,784
1568,2,base,2477
1569,2,modified,179
1570,2,base,2218
1571,2,modified,2160
1572,2,modified,1505
1573,2,modified,2365
1574,2,modified,99
1575,2,modified,213
1576,2,modified,869
1577,2,base,1277
1578,2,base,467
1579,2,base,1415
1580,2,modified,2345
1581,2,base,2272
1582,2,base,197
1583,2,modified,1234
1584,2,base,1835
1585,2,base,1631
1586,2,base,1853
1587,2,base,617
1588,2,modified,2030
1589,2,base,2132
1590,2,base,943
1591,2,base,1222
1592,2,base,1477
1593,2,modified,1511
1594,2,base,1003
1595,2,modified,1905
1596,2,base,409
1597,2,base,2388
1598,2,modified,1391
1599,2,modified,2053
1600,2,modified,663
1601,2,base,1875
1602,2,base,1057
1603,2,base,415
1604,2,modified,1799
1605,2,modified,290
1606,2,modified,12
1607,2,base,780
1608,2,modified,716
1609,2,base,1292
1610,2,modified,247
1611,2,modified,531
1612,2,base,1327
1613,2,modified,1354
1614,2,modified,1486
1615,2,modified,654
1616,2,modified,1104
1617,2,base,2470
1618,2,modified,1584
1619,2,modified,1741
1620,2,base,1501
1621,2,base,2038
1622,2,base,98
1623,2,modified,671
1624,2,base,2452
1625,2,modified,2272
1626,2,modified,2242
1627,2,modified,557
1628,2,base,193
1629,2,base,2060
1630,2,modified,2427
1631,2,base,698
1632,2,modified,928
1633,2,modified,1950
1634,2,modified,1177
1635,2,base,1918
1636,2,modified,1998
1637,2,base,2019
1638,2,modified,1819
1639,2,modified,157
1640,2,base,1680
1641,2,base,397
1642,2,base,1360
1643,2,base,374
1644,2,modified,1857
1645,2,modified,1369
1646,2,base,1500
1647,2,base,184
1648,2,base,2458
1649,2,modified,1352
1650,2,modified,2389
1651,2,base,1106
1652,2,modified,1070
1653,2,modified,980
1654,2,base,451
1655,2,modified,2179
1656,2,modified,1971
1657,2,modified,2087
1658,2,base,489
1659,2,base,1488
1660,2,modified,1303
1661,2,modified,18
1662,2,base,2360
1663,2,modified,196
1664,2,modified,1845
1665,2,modified,1427
1666,2,modified,2178
1667,2,modified,628
1668,2,modified,164
1669,2,modified,990
1670,2,base,1077
1671,2,base,2144
1672,2,base,216
1673,2,modified,1263
1674,2,base,1062
1675,2,base,1151
1676,2,base,1283
1677,2,modified,1381
1678,2,base,2321
1679,2,modified,2194
1680,2,modified,1329
1681,2,modified,1912
1682,2,modified,2408
1683,2,modified,408
1684,2,base,1762
1685,2,base,2183
1686,2,modified,2373
1687,2,modified,1427
1688,2,modified,1387
1689,2,modified,1969
1690,2,modified,1843
1691,2,base,1938
1692,2,modified,1485
1693,2,modified,1010
1694,2,modified,2388
1695,2,modified,183
1696,2,modified,194
1697,2,base,1767
1698,2,modified,2401
1699,2,modified,3
1700,2,base,945
1701,2,modified,2178
1702,2,modified,435
1703,2,modified,415
1704,2,base,2090
1705,2,modified,595
1706,2,modified,87
1707,2,modified,1546
1708,2,modified,889
1709,2,base,345
1710,2,modified,1557
1711,2,base,1073
1712,2,modified,1490
1713,2,modified,509
1714,2,base,1810
1715,2,modified,1115
1716,2,base,1186
1717,2,modified,1106
1718,2,modified,516
1719,2,modified,1014
1720,2,modified,345
1721,2,modified,1497
1722,2,modified,1872
1723,2,modified,1407
1724,2,base,853
1725,2,modified,1796
1726,2,modified,1433
1727,2,base,1801
1728,2,modified,557
1729,2,modified,890
1730,2,modified,2129
1731,2,modified,1426
1732,2,modified,1634
1733,2,modified,370
1734,2,modified,2347
1735,2,modified,1904
1736,2,modified,2322
1737,2,modified,1538
1738,2,base,2426
1739,2,modified,513
1740,2,base,2426
1741,2,modified,2153
1742,2,modified,2375
1743,2,base,1244
1744,2,base,1016
1745,2,base,2304
1746,2,modified,2086
1747,2,base,853
1748,2,modified,169
1749,2,base,2492
1750,2,base,2041
1751,2,modified,1810
1752,2,modified,1867
1753,2,modified,207
1754,2,base,1361
1755,2,base,157
1756,2,base,1853
1757,2,modified,1933
1758,2,modified,2100
1759,2,modified,1239
1760,2,base,2177
1761,2,modified,1462
1762,2,modified,80
1763,2,modified,713
1764,2,modified,1937
1765,2,modified,933
1766,2,modified,1722
1767,2,modified,1344
1768,2,modified,1956
1769,2,modified,692
1770,2,modified,1223
1771,2,modified,2028
1772,2,modified,1694
1773,2,modified,2493
1774,2,modified,957
1775,2,modified,826
1776,2,base,1524
1777,2,modified,2148
1778,2,base,2100
1779,2,base,1780
1780,2,modified,657
1781,2,modified,970
1782,2,modified,1660
1783,2,modified,477
1784,2,modified,1220
1785,2,base,2490
1786,2,modified,328
1787,2,modified,826
1788,2,modified,2157
1789,2,modified,180
1790,2,modified,743
1791,2,modified,1346
1792,2,base,722
1793,2,modified,747
1794,2,base,2354
1795,2,base,2419
1796,2,base,1331
1797,2,modified,2261
1798,2,base,1457
1799,2,modified,1463
1800,2,base,455
1801,2,modified,1272
1802,2,modified,216
1803,2,modified,808
1804,2,modified,2448
1805,2,modified,1669
1806,2,modified,136
1807,2,base,1758
1808,2,modified,1525
1809,2,modified,1081
1810,2,modified,36
1811,2,modified,333
1812,2,base,1187
1813,2,modified,861
1814,2,modified,1085
1815,2,modified,663
1816,2,modified,332
1817,2,modified,1153
1818,2,modified,963
1819,2,modified,534
1820,2,modified,1467
1821,2,modified,1123
1822,2,modified,2141
1823,2,modified,37
1824,2,modified,2189
1825,2,modified,1974
1826,2,modified,1136
1827,2,modified,1952
1828,2,modified,196
1829,2,modified,108
1830,2,base,412
1831,2,modified,557
1832,2,modified,1694
1833,2,modified,2015
1834,2,modified,764
1835,2,modified,1966
1836,2,modified,2437
1837,2,base,1877
1838,2,base,1128
1839,2,modified,1664
1840,2,modified,2397
1841,2,modified,750
1842,2,modified,1537
1843,2,modified,369
1844,2,modified,1757
1845,2,modified,234
1846,2,modified,566
1847,2,modified,1154
1848,2,modified,877
1849,2,base,69
1850,2,modified,77
1851,2,modified,2434
1852,2,modified,617
1853,2,modified,2232
1854,2,modified,63
1855,2,modified,1053
1856,2,modified,928
1857,2,modified,769
1858,2,modified,1540
1859,2,modified,621
1860,2,modified,819
1861,2,modified,1721
1862,2,modified,1198
1863,2,modified,1707
1864,2,modified,1996
1865,2,base,1009
1866,2,modified,40
1867,2,modified,726
1868,2,modified,1379
1869,2,modified,9
1870,2,modified,47
1871,2,modified,82
1872,2,modified,1508
1873,2,modified,950
1874,2,modified,1381
1875,2,modified,1758
1876,2,modified,776
1877,2,modified,434
1878,2,modified,1438
1879,2,modified,1689
1880,2,modified,779
1881,2,modified,772
1882,2,modified,830
1883,2,modified,688
1884,2,modified,1223
1885,2,modified,993
1886,2,modified,1065
1887,2,modified,1711
1888,2,modified,1907
1889,2,modified,1123
1890,2,modified,484
1891,2,modified,2307
1892,2,modified,297
1893,2,modified,168
1894,2,base,1954
1895,2,modified,385
1896,2,modified,2490
1897,2,modified,516
1898,2,modified,2481
1899,2,modified,276
1900,2,modified,630
1901,2,modified,1431
1902,2,modified,972
1903,2,modified,1459
1904,2,modified,1950
1905,2,modified,1754
1906,2,modified,506
1907,2,base,745
1908,2,modified,1152
1909,2,modified,2195
1910,2,modified,1667
1911,2,modified,74
1912,2,modified,938
1913,2,modified,774
1914,2,modified,670
1915,2,modified,40
1916,2,modified,683
1917,2,modified,1944
1918,2,modified,554
1919,2,modified,2496
1920,2,modified,2206
1921,2,modified,2438
1922,2,modified,2436
1923,2,modified,2377
1924,2,modified,869
1925,2,modified,1790
1926,2,modified,1404
1927,2,modified,901
1928,2,modified,1977
1929,2,modified,866
1930,2,modified,1209
1931,2,modified,1102
1932,2,modified,1862
1933,2,base,107
1934,2,modified,1512
1935,2,modified,1082
1936,2,modified,1885
1937,2,modified,1766
1938,2,modified,1022
1939,2,modified,471
1940,2,modified,1011
1941,2,modified,17
1942,2,modified,1928
1943,2,base,2495
1944,2,modified,1725
1945,2,modified,2032
1946,2,modified,1189
1947,2,modified,200
1948,2,modified,1550
1949,2,modified,756
1950,2,modified,2481
1951,2,modified,550
1952,2,modified,1887
1953,2,modified,130
1954,2,modified,698
1955,2,base,923
1956,2,modified,577
1957,2,modified,789
1958,2,modified,1256
1959,2,modified,302
1960,2,modified,545
1961,2,modified,1998
1962,2,modified,737
1963,2,modified,2055
1964,2,modified,1412
1965,2,base,2210
1966,2,modified,1859
1967,2,modified,615
1968,2,modified,1834
1969,2,modified,1158
1970,2,modified,2488
1971,2,modified,352
1972,2,modified,828
1973,2,modified,238
1974,2,modified,1898
1975,2,modified,2177
1976,2,modified,1537
1977,2,modified,782
1978,2,modified,363
1979,2,modified,302
1980,2,modified,1256
1981,2,modified,355
1982,2,modified,345
1983,2,modified,894
1984,2,modified,2219
1985,2,modified,2395
1986,2,modified,1670
1987,2,modified,19
1988,2,modified,806
1989,2,modified,1350
1990,2,modified,2492
1991,2,modified,1572
1992,2,modified,774
1993,2,modified,1235
1994,2,modified,1244
1995,2,modified,853
1996,2,modified,2438
1997,2,modified,1772
1998,2,modified,532
1999,2,modified,760
2000,3,modified,2388
2001,3,modified,2323
2002,3,modified,222
2003,3,modified,342
2004,3,modified,2389
2005,3,modified,225
2006,3,modified,151
2007,3,modified,582
2008,3,modified,385
2009,3,modified,1864
2010,3,modified,2359
2011,3,modified,108
2012,3,modified,529
2013,3,modified,2399
2014,3,modified,327
2015,3,modified,2429
2016,3,modified,1071
2017,3,modified,1636
2018,3,modified,1606
2019,3,modified,1422
2020,3,modified,120
2021,3,modified,1057
2022,3,modified,517
2023,3,modified,2470
2024,3,modified,1342
2025,3,modified,502
2026,3,modified,69
2027,3,modified,2151
2028,3,modified,1022
2029,3,modified,2127
2030,3,modified,439
2031,3,modified,2183
2032,3,modified,1047
2033,3,modified,1973
2034,3,modified,1146
2035,3,modified,145
2036,3,modified,321
2037,3,modified,1249
2038,3,modified,1897
2039,3,modified,1662
2040,3,modified,1185
2041,3,modified,529
2042,3,modified,305
2043,3,modified,2369
2044,3,modified,1448
2045,3,modified,426
2046,3,modified,1261
2047,3,modified,1557
2048,3,modified,72
2049,3,modified,1222
2050,3,modified,1271
2051,3,modified,2451
2052,3,modified,545
2053,3,modified,822
2054,3,modified,1330
2055,3,modified,393
2056,3,modified,1882
2057,3,modified,1351
2058,3,modified,2487
2059,3,modified,1954
2060,3,modified,882
2061,3,modified,470
2062,3,modified,267
2063,3,modified,2435
2064,3,modified,362
2065,3,modified,2325
2066,3,modified,895
2067,3,modified,1517
2068,3,modified,1999
2069,3,modified,262
2070,3,modified,2102
2071,3,modified,1368
2072,3,modified,1118
2073,3,modified,62
2074,3,modified,370
2075,3,modified,745
2076,3,modified,1017
2077,3,modified,1747
2078,3,modified,1049
2079,3,modified,959
2080,3,modified,1787
2081,3,modified,1117
2082,3,modified,562
2083,3,modified,609
2084,3,modified,2091
2085,3,modified,1997
2086,3,modified,2279
2087,3,modified,2005
2088,3,modified,964
2089,3,modified,721
2090,3,modified,2465
2091,3,modified,729
2092,3,modified,2126
2093,3,modified,249
2094,3,modified,867
2095,3,modified,1145
2096,3,modified,1788
2097,3,modified,2210
2098,3,modified,494
2099,3,modified,1379
2100,3,modified,1110
2101,3,modified,1497
2102,3,modified,2235
2103,3,modified,1527
2104,3,modified,1886
2105,3,modified,1690
2106,3,modified,1793
2107,3,modified,1402
2108,3,modified,968
2109,3,modified,1949
2110,3,modified,314
2111,3,modified,1879
2112,3,modified,22
2113,3,modified,409
2114,3,modified,769
2115,3,modified,1746
2116,3,modified,1054
2117,3,modified,1918
2118,3,modified,1129
2119,3,modified,920
2120,3,modified,40
2121,3,modified,2170
2122,3,modified,550
2123,3,modified,1990
2124,3,modified,1089
2125,3,modified,368
2126,3,modified,230
2127,3,modified,1655
2128,3,modified,789
2129,3,modified,86
2130,3,modified,1392
2131,3,modified,1460
2132,3,modified,108
2133,3,modified,363
2134,3,modified,1406
2135,3,modified,1566
2136,3,modified,1815
2137,3,modified,447
2138,3,modified,1439
2139,3,modified,1073
2140,3,modified,1133
2141,3,modified,1960
2142,3,modified,1863
2143,3,modified,216
2144,3,modified,979
2145,3,modified,720
2146,3,modified,1099
2147,3,modified,1687
2148,3,modified,1097
2149,3,modified,176
2150,3,modified,592
2151,3,modified,714
2152,3,modified,731
2153,3,modified,2489
2154,3,modified,1416
2155,3,modified,1995
2156,3,modified,2117
2157,3,modified,1873
2158,3,modified,1477
2159,3,modified,2428
2160,3,modified,1848
2161,3,modified,1640
2162,3,modified,24
2163,3,modified,1340
2164,3,modified,1934
2165,3,modified,1543
2166,3,modified,1244
2167,3,modified,1340
2168,3,modified,1033
2169,3,modified,1590
2170,3,modified,1929
2171,3,modified,2102
2172,3,modified,184
2173,3,modified,1433
2174,3,modified,540
2175,3,modified,1432
2176,3,modified,91
2177,3,modified,177
2178,3,modified,250
2179,3,modified,181
2180,3,modified,1243
2181,3,modified,485
2182,3,modified,1611
2183,3,modified,1516
2184,3,modified,78
2185,3,modified,1300
2186,3,modified,2041
2187,3,modified,69
2188,3,modified,417
2189,3,modified,2285
2190,3,modified,1193
2191,3,modified,1767
2192,3,modified,213
2193,3,modified,2019
2194,3,modified,433
2195,3,modified,503
2196,3,modified,2305
2197,3,modified,69
2198,3,modified,1392
2199,3,modified,1953
2200,3,modified,2397
2201,3,modified,1317
2202,3,modified,1264
2203,3,modified,469
2204,3,modified,1915
2205,3,modified,1058
2206,3,modified,846
2207,3,modified,2074
2208,3,modified,1590
2209,3,modified,672
2210,3,modified,1959
2211,3,modified,1927
2212,3,modified,1589
2213,3,modified,2485
2214,3,modified,397
2215,3,modified,912
2216,3,modified,664
2217,3,modified,680
2218,3,modified,2485
2219,3,modified,562
2220,3,modified,157
2221,3,modified,942
2222,3,modified,1694
2223,3,modified,1320
2224,3,modified,1330
2225,3,modified,422
2226,3,modified,157
2227,3,modified,2056
2228,3,modified,1578
2229,3,modified,86
2230,3,modified,2097
2231,3,modified,664
2232,3,modified,904
2233,3,modified,2448
2234,3,modified,870
2235,3,modified,1342
2236,3,modified,2281
2237,3,modified,1209
2238,3,modified,807
2239,3,modified,710
2240,3,modified,651
2241,3,modified,2134
2242,3,modified,2068
2243,3,modified,384
2244,3,modified,847
2245,3,modified,2354
2246,3,modified,1524
2247,3,modified,467
2248,3,modified,1105
2249,3,modified,408
2250,3,modified,1268
2251,3,modified,2272
2252,3,modified,352
2253,3,modified,1461
2254,3,modified,1457
2255,3,modified,120
2256,3,modified,121
2257,3,modified,2056
2258,3,modified,1331
2259,3,modified,1571
2260,3,modified,2178
2261,3,modified,752
2262,3,modified,1151
2263,3,modified,1375
2264,3,modified,2228
2265,3,modified,630
2266,3,modified,1258
2267,3,modified,2467
2268,3,modified,1793
2269,3,modified,837
2270,3,modified,2471
2271,3,modified,1200
2272,3,modified,1817
2273,3,modified,1721
2274,3,modified,1253
2275,3,modified,671
2276,3,modified,1023
2277,3,modified,2020
2278,3,modified,37
2279,3,modified,1991
2280,3,modified,1680
2281,3,modified,1202
2282,3,modified,2189
2283,3,modified,2496
2284,3,modified,1841
2285,3,modified,722
2286,3,modified,931
2287,3,modified,1492
2288,3,modified,886
2289,3,modified,347
2290,3,modified,514
2291,3,modified,687
2292,3,modified,1872
2293,3,modified,1535
2294,3,modified,2346
2295,3,modified,2049
2296,3,modified,2404
2297,3,modified,890
2298,3,modified,1047
2299,3,modified,296
2300,3,modified,599
2301,3,modified,1071
2302,3,modified,583
2303,3,modified,92
2304,3,modified,218
2305,3,modified,1096
2306,3,modified,1159
2307,3,modified,2452
2308,3,modified,1579
2309,3,modified,2457
2310,3,modified,1847
2311,3,modified,1582
2312,3,modified,149
2313,3,modified,572
2314,3,modified,1642
2315,3,modified,1039
2316,3,modified,2034
2317,3,modified,147
2318,3,modified,548
2319,3,modified,770
2320,3,modified,2489
2321,3,modified,1485
2322,3,modified,1458
2323,3,modified,1411
2324,3,modified,806
2325,3,modified,1102
2326,3,modified,907
2327,3,modified,217
2328,3,modified,1608
2329,3,modified,344
2330,3,modified,663
2331,3,modified,2008
2332,3,modified,837
2333,3,modified,1213
2334,3,modified,1511
2335,3,modified,343
2336,3,modified,836
2337,3,modified,2439
2338,3,modified,1996
2339,3,modified,1785
2340,3,modified,885
2341,3,modified,1761
2342,3,modified,1583
2343,3,modified,838
2344,3,modified,713
2345,3,modified,1630
2346,3,modified,1735
2347,3,modified,88
2348,3,modified,2166
2349,3,modified,2311
2350,3,modified,1615
2351,3,modified,965
2352,3,modified,1638
2353,3,modified,1390
2354,3,modified,2419
2355,3,modified,1517
2356,3,modified,1392
2357,3,modified,940
2358,3,modified,2193
2359,3,modified,1067
2360,3,modified,2208
2361,3,modified,2495
2362,3,modified,993
2363,3,modified,139
2364,3,modified,1821
2365,3,modified,1561
2366,3,modified,1698
2367,3,modified,2145
2368,3,modified,1653
2369,3,modified,1117
2370,3,modified,1594
2371,3,modified,1137
2372,3,modified,1570
2373,3,modified,61
2374,3,modified,2364
2375,3,modified,22
2376,3,modified,2394
2377,3,modified,1628
2378,3,modified,26
2379,3,modified,534
2380,3,modified,1016
2381,3,modified,184
2382,3,modified,2421
2383,3,modified,614
2384,3,modified,2396
2385,3,modified,125
2386,3,modified,130
2387,3,modified,2033
2388,3,modified,1075
2389,3,modified,41
2390,3,modified,237
2391,3,modified,23
2392,3,modified,504
2393,3,modified,916
2394,3,modified,2302
2395,3,modified,613
2396,3,modified,1932
2397,3,modified,1842
2398,3,modified,1494
2399,3,modified,1336
2400,3,modified,365
2401,3,modified,1823
2402,3,modified,843
2403,3,modified,1611
2404,3,modified,1538
2405,3,modified,1928
2406,3,modified,36
2407,3,modified,305
2408,3,modified,2495
2409,3,modified,635
2410,3,modified,555
2411,3,modified,70
2412,3,modified,1252
2413,3,modified,1253
2414,3,modified,2153
2415,3,modified,2435
2416,3,modified,675
2417,3,modified,1900
2418,3,modified,1874
2419,3,modified,169
2420,3,modified,1709
2421,3,modified,661
2422,3,modified,627
2423,3,modified,35
2424,3,modified,2172
2425,3,modified,1816
2426,3,modified,1294
2427,3,modified,480
2428,3,modified,205
2429,3,modified,1642
2430,3,modified,1406
2431,3,modified,849
2432,3,modified,1613
2433,3,modified,97
2434,3,modified,370
2435,3,modified,1606
2436,3,modified,2465
2437,3,modified,400
2438,3,modified,1993
2439,3,modified,1217
2440,3,modified,2345
2441,3,modified,591
2442,3,modified,1908
2443,3,modified,1119
2444,3,modified,283
2445,3,modified,1730
2446,3,modified,2070
2447,3,modified,1212
2448,3,modified,2295
2449,3,modified,2342
2450,3,modified,1630
2451,3,modified,735
2452,3,modified,2488
2453,3,modified,2328
2454,3,modified,908
2455,3,modified,1680
2456,3,modified,264
2457,3,modified,1655
2458,3,modified,617
2459,3,modified,1879
2460,3,modified,1493
2461,3,modified,367
2462,3,modified,117
2463,3,modified,1026
2464,3,modified,1757
2465,3,modified,203
2466,3,modified,237
2467,3,modified,601
2468,3,modified,1404
2469,3,modified,193
2470,3,modified,685
2471,3,modified,2210
2472,3,modified,554
2473,3,modified,2322
2474,3,modified,2329
2475,3,modified,639
2476,3,modified,270
2477,3,modified,1421
2478,3,modified,425
2479,3,modified,1152
2480,3,modified,2177
2481,3,modified,1737
2482,3,modified,802
2483,3,modified,940
2484,3,modified,2310
2485,3,modified,665
2486,3,modified,1555
2487,3,modified,182
2488,3,modified,1062
2489,3,modified,591
2490,3,modified,356
2491,3,modified,100
2492,3,modified,2203
2493,3,modified,2324
2494,3,modified,602
2495,3,modified,961
2496,3,modified,107
2497,3,modified,1204
2498,3,modified,1851
2499,3,modified,1427
2500,3,modified,2442
2501,3,modified,99
2502,3,modified,387
2503,3,modified,2134
2504,3,modified,939
2505,3,modified,61
2506,3,modified,2048
2507,3,modified,1448
2508,3,modified,2225
2509,3,modified,130
2510,3,modified,417
2511,3,modified,1987
2512,3,modified,1619
2513,3,modified,2265
2514,3,modified,1305
2515,3,modified,33
2516,3,modified,686
2517,3,modified,737
2518,3,modified,1016
2519,3,modified,1586
2520,3,modified,190
2521,3,modified,452
2522,3,modified,1512
2523,3,modified,1543
2524,3,modified,955
2525,3,modified,1386
2526,3,modified,1918
2527,3,modified,1857
2528,3,modified,2035
2529,3,modified,899
2530,3,modified,2041
2531,3,modified,34
2532,3,modified,2205
2533,3,modified,603
2534,3,modified,1089
2535,3,modified,585
2536,3,modified,1414
2537,3,modified,2270
2538,3,modified,1080
2539,3,modified,1830
2540,3,modified,2420
2541,3,modified,1825
2542,3,modified,952
2543,3,modified,1676
2544,3,modified,133
2545,3,modified,472
2546,3,modified,1691
2547,3,modified,1462
2548,3,modified,1396
2549,3,modified,1550
2550,3,modified,616
2551,3,modified,1214
2552,3,modified,2315
2553,3,modified,715
2554,3,modified,76
2555,3,modified,1170
2556,3,modified,1972
2557,3,modified,934
2558,3,modified,1434
2559,3,modified,2401
2560,3,modified,1874
2561,3,modified,307
2562,3,modified,2078
2563,3,modified,236
2564,3,modified,925
2565,3,modified,2215
2566,3,modified,1216
2567,3,modified,133
2568,3,modified,918
2569,3,modified,1372
2570,3,modified,1943
2571,3,modified,531
2572,3,modified,2128
2573,3,modified,157
2574,3,modified,2474
2575,3,modified,378
2576,3,modified,1248
2577,3,modified,2256
2578,3,modified,1015
2579,3,modified,87
2580,3,modified,1431
2581,3,modified,1325
2582,3,modified,2164
2583,3,modified,1327
2584,3,modified,186
2585,3,modified,405
2586,3,modified,452
2587,3,modified,804
2588,3,modified,1297
2589,3,modified,1347
2590,3,modified,1034
2591,3,modified,1820
2592,3,modified,2114
2593,3,modified,2119
2594,3,modified,2427
2595,3,modified,1290
2596,3,modified,244
2597,3,modified,2470
2598,3,modified,1961
2599,3,modified,2481
2600,3,modified,1725
2601,3,modified,7
2602,3,modified,2423
2603,3,modified,543
2604,3,modified,1846
2605,3,modified,1333
2606,3,modified,246
2607,3,modified,499
2608,3,modified,1483
2609,3,modified,606
2610,3,modified,2105
2611,3,modified,939
2612,3,modified,1636
2613,3,modified,1751
2614,3,modified,667
2615,3,modified,2124
2616,3,modified,1838
2617,3,modified,2108
2618,3,modified,657
2619,3,modified,2456
2620,3,modified,1230
2621,3,modified,757
2622,3,modified,1185
2623,3,modified,1330
2624,3,modified,205
2625,3,modified,2324
2626,3,modified,306
2627,3,modified,208
2628,3,modified,631
2629,3,modified,899
2630,3,modified,1898
2631,3,modified,2191
2632,3,modified,1886
2633,3,modified,2468
2634,3,modified,1298
2635,3,modified,2099
2636,3,modified,2198
2637,3,modified,752
2638,3,modified,242
2639,3,modified,1211
2640,3,modified,1409
2641,3,modified,1000
2642,3,modified,2105
2643,3,modified,1865
2644,3,modified,809
2645,3,modified,2015
2646,3,modified,1062
2647,3,modified,312
2648,3,modified,1194
2649,3,modified,2123
2650,3,modified,1889
2651,3,modified,76
2652,3,modified,840
2653,3,modified,2
2654,3,modified,1714
2655,3,modified,2409
2656,3,modified,1332
2657,3,modified,1658
2658,3,modified,232
2659,3,modified,2414
2660,3,modified,2263
2661,3,modified,1498
2662,3,modified,1000
2663,3,modified,100
2664,3,modified,1758
2665,3,modified,1724
2666,3,modified,92
2667,3,modified,2494
2668,3,modified,97
2669,3,modified,1324
2670,3,modified,945
2671,3,modified,1872
2672,3,modified,1595
2673,3,modified,1504
2674,3,modified,796
2675,3,modified,2003
2676,3,modified,72
2677,3,modified,573
2678,3,modified,1922
2679,3,modified,1649
2680,3,modified,2203
2681,3,modified,960
2682,3,modified,2440
2683,3,modified,2491
2684,3,modified,2304
2685,3,modified,2287
2686,3,modified,2278
2687,3,modified,2259
2688,3,modified,2316
2689,3,modified,2207
2690,3,modified,774
2691,3,modified,343
2692,3,modified,96
2693,3,modified,2024
2694,3,modified,61
2695,3,modified,1485
2696,3,modified,798
2697,3,modified,1514
2698,3,modified,1308
2699,3,modified,558
2700,3,modified,2468
2701,3,modified,687
2702,3,modified,1143
2703,3,modified,2440
2704,3,modified,1437
2705,3,modified,1450
2706,3,modified,2079
2707,3,modified,587
2708,3,modified,2351
2709,3,modified,242
2710,3,modified,1002
2711,3,modified,1144
2712,3,modified,1147
2713,3,modified,2372
2714,3,modified,2445
2715,3,modified,2099
2716,3,modified,1193
2717,3,modified,1733
2718,3,modified,400
2719,3,modified,1658
2720,3,modified,38
2721,3,modified,704
2722,3,modified,1023
2723,3,modified,1615
2724,3,modified,463
2725,3,modified,34
2726,3,modified,1379
2727,3,modified,1176
2728,3,modified,830
2729,3,modified,158
2730,3,modified,1426
2731,3,modified,987
2732,3,modified,76
2733,3,modified,2089
2734,3,modified,1236
2735,3,modified,1103
2736,3,modified,506
2737,3,modified,1849
2738,3,modified,77
2739,3,modified,698
2740,3,modified,294
2741,3,modified,177
2742,3,modified,1525
2743,3,modified,2498
2744,3,modified,1802
2745,3,modified,2087
2746,3,modified,1774
2747,3,modified,580
2748,3,modified,1765
2749,3,modified,1739
2750,3,modified,331
2751,3,modified,757
2752,3,modified,1493
2753,3,modified,1779
2754,3,modified,599
2755,3,modified,2450
2756,3,modified,1423
2757,3,modified,485
2758,3,modified,1965
2759,3,modified,544
2760,3,modified,1197
2761,3,modified,281
2762,3,modified,2432
2763,3,modified,2147
2764,3,modified,604
2765,3,modified,1534
2766,3,modified,501
2767,3,modified,268
2768,3,modified,83
2769,3,modified,950
2770,3,modified,874
2771,3,modified,791
2772,3,modified,2324
2773,3,modified,622
2774,3,modified,1818
2775,3,modified,1106
2776,3,modified,1927
2777,3,modified,1191
2778,3,modified,2235
2779,3,modified,1807
2780,3,modified,416
2781,3,modified,1014
2782,3,modified,1581
2783,3,modified,322
2784,3,modified,361
2785,3,modified,2239
2786,3,modified,321
2787,3,modified,1166
2788,3,modified,794
2789,3,modified,2027
2790,3,modified,2043
2791,3,modified,2219
2792,3,modified,1704
2793,3,modified,1937
2794,3,modified,2405
2795,3,modified,375
2796,3,modified,2111
2797,3,modified,1500
2798,3,modified,2066
2799,3,modified,141
2800,3,modified,649
2801,3,modified,803
2802,3,modified,1182
2803,3,modified,1065
2804,3,modified,504
2805,3,modified,1441
2806,3,modified,866
2807,3,modified,169
2808,3,modified,1803
2809,3,modified,1178
2810,3,modified,2016
2811,3,modified,434
2812,3,modified,286
2813,3,modified,2479
2814,3,modified,1593
2815,3,modified,1830
2816,3,modified,972
2817,3,modified,612
2818,3,modified,2064
2819,3,modified,421
2820,3,modified,214
2821,3,modified,1598
2822,3,modified,1423
2823,3,modified,472
2824,3,modified,434
2825,3,modified,1452
2826,3,modified,181
2827,3,modified,737
2828,3,modified,1246
2829,3,modified,665
2830,3,modified,819
2831,3,modified,180
2832,3,modified,2034
2833,3,modified,650
2834,3,modified,1231
2835,3,modified,353
2836,3,modified,69
2837,3,modified,1657
2838,3,modified,1615
2839,3,modified,812
2840,3,modified,189
2841,3,modified,1969
2842,3,modified,1977
2843,3,modified,450
2844,3,modified,893
2845,3,modified,1386
2846,3,modified,567
2847,3,modified,935
2848,3,modified,1094
2849,3,modified,263
2850,3,modified,574
2851,3,modified,1728
2852,3,modified,1537
2853,3,modified,1799
2854,3,modified,1290
2855,3,modified,775
2856,3,modified,1634
2857,3,modified,538
2858,3,modified,610
2859,3,modified,2093
2860,3,modified,959
2861,3,modified,1805
2862,3,modified,438
2863,3,modified,1105
2864,3,modified,2375
2865,3,modified,2259
2866,3,modified,2357
2867,3,modified,1546
2868,3,modified,2137
2869,3,modified,1779
2870,3,modified,1845
2871,3,modified,1500
2872,3,modified,2459
2873,3,modified,1373
2874,3,modified,804
2875,3,modified,920
2876,3,modified,367
2877,3,modified,98
2878,3,modified,1285
2879,3,modified,340
2880,3,modified,1703
2881,3,modified,2288
2882,3,modified,990
2883,3,modified,468
2884,3,modified,290
2885,3,modified,1135
2886,3,modified,1344
2887,3,modified,1618
2888,3,modified,861
2889,3,modified,1184
2890,3,modified,1283
2891,3,modified,222
2892,3,modified,2357
2893,3,modified,735
2894,3,modified,2361
2895,3,modified,710
2896,3,modified,2262
2897,3,modified,496
2898,3,modified,2228
2899,3,modified,2423
2900,3,modified,1357
2901,3,modified,2067
2902,3,modified,783
2903,3,modified,1440
2904,3,modified,572
2905,3,modified,1251
2906,3,modified,792
2907,3,modified,583
2908,3,modified,1323
2909,3,modified,784
2910,3,modified,150
2911,3,modified,1140
2912,3,modified,2437
2913,3,modified,1446
2914,3,modified,605
2915,3,modified,642
2916,3,modified,1816
2917,3,modified,1249
2918,3,modified,1551
2919,3,modified,17
2920,3,modified,2298
2921,3,modified,2273
2922,3,modified,1110
2923,3,modified,2360
2924,3,modified,1847
2925,3,modified,1754
2926,3,modified,720
2927,3,modified,2255
2928,3,modified,1519
2929,3,modified,1656
2930,3,modified,1393
2931,3,modified,1479
2932,3,modified,227
2933,3,modified,197
2934,3,modified,1955
2935,3,modified,2376
2936,3,modified,1902
2937,3,modified,979
2938,3,modified,1339
2939,3,modified,879
2940,3,modified,662
2941,3,modified,407
2942,3,modified,1509
2943,3,modified,2269
2944,3,modified,973
2945,3,modified,917
2946,3,modified,730
2947,3,modified,933
2948,3,modified,1632
2949,3,modified,1883
2950,3,modified,1054
2951,3,modified,1912
2952,3,modified,1446
2953,3,modified,1681
2954,3,modified,2177
2955,3,modified,1358
2956,3,modified,932
2957,3,modified,294
2958,3,modified,2071
2959,3,modified,1835
2960,3,modified,2467
2961,3,modified,488
2962,3,modified,49
2963,3,modified,1204
2964,3,modified,1457
2965,3,modified,2494
2966,3,modified,1492
2967,3,modified,1723
2968,3,modified,2091
2969,3,modified,1703
2970,3,modified,678
2971,3,modified,345
2972,3,modified,2217
2973,3,modified,5
2974,3,modified,1075
2975,3,modified,87
2976,3,modified,2124
2977,3,modified,22
2978,3,modified,1416
2979,3,modified,741
2980,3,modified,2290
2981,3,modified,1274
2982,3,modified,1380
2983,3,modified,788
2984,3,modified,1095
2985,3,modified,887
2986,3,modified,2102
2987,3,modified,2247
2988,3,modified,496
2989,3,modified,648
2990,3,modified,1722
2991,3,modified,1714
2992,3,modified,1589
2993,3,modified,1730
2994,3,modified,2106
2995,3,modified,749
2996,3,modified,2482
2997,3,modified,974
2998,3,modified,605
2999,3,modified,877
3000,4,modified,2447
3001,4,modified,368
3002,4,modified,1023
3003,4,modified,389
3004,4,modified,1111
3005,4,modified,1462
3006,4,modified,657
3007,4,modified,2390
3008,4,modified,1043
3009,4,modified,716
3010,4,modified,2147
3011,4,modified,1776
3012,4,modified,703
3013,4,modified,853
3014,4,modified,1926
3015,4,modified,1019
3016,4,modified,906
3017,4,modified,1337
3018,4,base,2466
3019,4,modified,452
3020,4,base,2491
3021,4,modified,1071
3022,4,modified,1259
3023,4,modified,755
3024,4,modified,1681
3025,4,modified,319
3026,4,modified,2021
3027,4,modified,1252
3028,4,modified,746
3029,4,modified,2409
3030,4,modified,764
3031,4,modified,1423
3032,4,modified,1824
3033,4,modified,619
3034,4,modified,1758
3035,4,modified,59
3036,4,modified,27
3037,4,modified,1542
3038,4,modified,2181
3039,4,modified,1910
3040,4,modified,537
3041,4,modified,1716
3042,4,modified,2013
3043,4,modified,771
3044,4,modified,1165
3045,4,modified,1046
3046,4,modified,916
3047,4,modified,268
3048,4,modified,1912
3049,4,modified,1149
3050,4,modified,1449
3051,4,modified,1552
3052,4,modified,2111
3053,4,modified,751
3054,4,modified,2498
3055,4,modified,452
3056,4,modified,2410
3057,4,modified,226
3058,4,modified,1916
3059,4,modified,1572
3060,4,modified,2239
3061,4,modified,1391
3062,4,modified,819
3063,4,base,2051
3064,4,modified,13
3065,4,modified,2020
3066,4,modified,2062
3067,4,base,1338
3068,4,modified,1070
3069,4,modified,172
3070,4,modified,158
3071,4,modified,704
3072,4,modified,1200
3073,4,base,549
3074,4,modified,1553
3075,4,modified,1060
3076,4,modified,995
3077,4,modified,615
3078,4,modified,638
3079,4,modified,1778
3080,4,modified,2483
3081,4,modified,1997
3082,4,modified,647
3083,4,modified,1233
3084,4,modified,1839
3085,4,modified,612
3086,4,modified,154
3087,4,modified,1387
3088,4,modified,1133
3089,4,modified,1618
3090,4,modified,300
3091,4,modified,2076
3092,4,modified,1180
3093,4,modified,737
3094,4,modified,319
3095,4,base,2223
3096,4,modified,874
3097,4,modified,1375
3098,4,modified,67
3099,4,modified,831
3100,4,modified,1236
3101,4,modified,2385
3102,4,modified,1986
3103,4,modified,2070
3104,4,modified,1106
3105,4,modified,1506
3106,4,modified,534
3107,4,modified,555
3108,4,modified,1864
3109,4,modified,245
3110,4,modified,1829
3111,4,modified,2120
3112,4,base,1935
3113,4,modified,670
3114,4,modified,2181
3115,4,modified,421
3116,4,modified,2052
3117,4,base,366
3118,4,modified,1614
3119,4,modified,2496
3120,4,modified,172
3121,4,modified,794
3122,4,modified,2278
3123,4,base,2259
3124,4,modified,69
3125,4,modified,422
3126,4,modified,1925
3127,4,base,1831
3128,4,modified,503
3129,4,modified,1989
3130,4,modified,665
3131,4,modified,545
3132,4,modified,1940
3133,4,modified,688
3134,4,modified,2229
3135,4,modified,2307
3136,4,modified,894
3137,4,modified,538
3138,4,modified,1214
3139,4,modified,78
3140,4,base,2282
3141,4,modified,315
3142,4,modified,1238
3143,4,modified,1031
3144,4,modified,1779
3145,4,modified,65
3146,4,modified,811
3147,4,modified,725
3148,4,modified,2142
3149,4,modified,367
3150,4,modified,1848
3151,4,base,1242
3152,4,modified,937
3153,4,modified,970
3154,4,modified,416
3155,4,base,2212
3156,4,modified,1496
3157,4,modified,2483
3158,4,modified,872
3159,4,modified,677
3160,4,modified,1989
3161,4,base,1968
3162,4,modified,1140
3163,4,modified,1335
3164,4,modified,1544
3165,4,modified,2137
3166,4,modified,791
3167,4,base,1303
3168,4,modified,731
3169,4,modified,199
3170,4,modified,2407
3171,4,modified,1982
3172,4,modified,385
3173,4,base,1188
3174,4,modified,1126
3175,4,modified,1401
3176,4,base,1760
3177,4,modified,769
3178,4,modified,1158
3179,4,base,2271
3180,4,modified,48
3181,4,modified,1518
3182,4,base,327
3183,4,base,2059
3184,4,base,1051
3185,4,base,131
3186,4,modified,835
3187,4,modified,1028
3188,4,modified,294
3189,4,modified,148
3190,4,base,1541
3191,4,modified,959
3192,4,base,828
3193,4,modified,1386
3194,4,base,1002
3195,4,modified,331
3196,4,modified,619
3197,4,modified,1011
3198,4,base,2026
3199,4,base,666
3200,4,modified,889
3201,4,base,2437
3202,4,modified,213
3203,4,modified,562
3204,4,modified,1197
3205,4,modified,950
3206,4,modified,2123
3207,4,modified,419
3208,4,modified,1205
3209,4,modified,1266
3210,4,base,128
3211,4,modified,1260
3212,4,modified,988
3213,4,base,1479
3214,4,modified,250
3215,4,modified,1981
3216,4,modified,161
3217,4,modified,1771
3218,4,modified,2451
3219,4,modified,106
3220,4,modified,313
3221,4,modified,377
3222,4,modified,1345
3223,4,modified,1383
3224,4,modified,694
3225,4,modified,86
3226,4,modified,669
3227,4,base,2247
3228,4,modified,1208
3229,4,modified,801
3230,4,modified,1864
3231,4,modified,2477
3232,4,modified,1248
3233,4,base,1594
3234,4,modified,1268
3235,4,base,2433
3236,4,modified,414
3237,4,modified,21
3238,4,base,2148
3239,4,modified,831
3240,4,modified,629
3241,4,modified,1476
3242,4,modified,1374
3243,4,base,712
3244,4,modified,1622
3245,4,modified,185
3246,4,base,1541
3247,4,base,944
3248,4,modified,973
3249,4,modified,2146
3250,4,base,368
3251,4,modified,1611
3252,4,modified,1178
3253,4,modified,1740
3254,4,modified,38
3255,4,modified,497
3256,4,modified,1622
3257,4,base,155
3258,4,modified,1640
3259,4,base,1465
3260,4,modified,2244
3261,4,base,730
3262,4,modified,1845
3263,4,modified,1844
3264,4,modified,1453
3265,4,modified,2412
3266,4,base,416
3267,4,modified,1927
3268,4,base,1494
3269,4,base,1098
3270,4,modified,1215
3271,4,modified,714
3272,4,base,1983
3273,4,modified,2033
3274,4,modified,2469
3275,4,base,14
3276,4,modified,2348
3277,4,modified,1490
3278,4,base,2185
3279,4,base,1314
3280,4,base,1998
3281,4,base,993
3282,4,modified,1505
3283,4,modified,2375
3284,4,modified,1447
3285,4,base,605
3286,4,modified,1508
3287,4,modified,2409
3288,4,modified,688
3289,4,modified,1597
3290,4,modified,1267
3291,4,modified,2040
3292,4,modified,1516
3293,4,base,1903
3294,4,modified,2132
3295,4,base,599
3296,4,modified,2386
3297,4,base,1415
3298,4,modified,1030
3299,4,modified,2277
3300,4,base,151
3301,4,modified,46
3302,4,modified,878
3303,4,modified,529
3304,4,base,2035
3305,4,modified,630
3306,4,modified,896
3307,4,modified,176
3308,4,base,144
3309,4,modified,70
3310,4,modified,1083
3311,4,modified,1635
3312,4,modified,285
3313,4,modified,319
3314,4,modified,1350
3315,4,modified,1639
3316,4,modified,1812
3317,4,modified,567
3318,4,modified,1353
3319,4,base,396
3320,4,modified,2351
3321,4,modified,2137
3322,4,modified,1869
3323,4,modified,1993
3324,4,modified,2274
3325,4,base,995
3326,4,base,2431
3327,4,modified,1724
3328,4,modified,49
3329,4,modified,1475
3330,4,modified,731
3331,4,base,1231
3332,4,base,1759
3333,4,base,587
3334,4,base,1527
3335,4,modified,1052
3336,4,base,818
3337,4,base,1009
3338,4,modified,2097
3339,4,base,2322
3340,4,base,2349
3341,4,base,1408
3342,4,modified,381
3343,4,modified,2089
3344,4,modified,1964
3345,4,modified,198
3346,4,base,1103
3347,4,modified,1550
3348,4,modified,2439
3349,4,modified,1550
3350,4,modified,1929
3351,4,modified,1049
3352,4,modified,1185
3353,4,base,1005
3354,4,base,167
3355,4,base,227
3356,4,base,1841
3357,4,modified,1355
3358,4,modified,59
3359,4,modified,1531
3360,4,base,2321
3361,4,base,1946
3362,4,modified,725
3363,4,modified,213
3364,4,modified,485
3365,4,base,172
3366,4,modified,743
3367,4,modified,12
3368,4,base,1761
3369,4,modified,866
3370,4,modified,1609
3371,4,base,206
3372,4,modified,1277
3373,4,modified,1116
3374,4,modified,1177
3375,4,modified,1429
3376,4,modified,1780
3377,4,modified,1761
3378,4,base,2187
3379,4,modified,2102
3380,4,modified,370
3381,4,modified,597
3382,4,modified,1725
3383,4,modified,1045
3384,4,modified,1925
3385,4,modified,2212
3386,4,modified,2414
3387,4,modified,2206
3388,4,modified,1463
3389,4,modified,1481
3390,4,base,725
3391,4,base,206
3392,4,modified,2037
3393,4,base,831
3394,4,base,1138
3395,4,modified,738
3396,4,modified,1336
3397,4,modified,981
3398,4,base,1041
3399,4,modified,885
3400,4,modified,2253
3401,4,modified,1114
3402,4,modified,1801
3403,4,base,2425
3404,4,base,1201
3405,4,base,1273
3406,4,modified,16
3407,4,base,655
3408,4,modified,1429
3409,4,base,2009
3410,4,base,1506
3411,4,modified,1451
3412,4,modified,2217
3413,4,base,612
3414,4,base,1762
3415,4,base,164
3416,4,base,1002
3417,4,modified,1188
3418,4,modified,743
3419,4,base,1454
3420,4,modified,783
3421,4,base,914
3422,4,modified,1772
3423,4,base,1252
3424,4,modified,939
3425,4,base,389
3426,4,base,587
3427,4,base,383
3428,4,base,1019
3429,4,modified,1575
3430,4,modified,959
3431,4,modified,636
3432,4,base,147
3433,4,base,2000
3434,4,base,319
3435,4,base,283
3436,4,modified,1671
3437,4,modified,2450
3438,4,base,214
3439,4,base,1365
3440,4,modified,214
3441,4,modified,1756
3442,4,base,603
3443,4,modified,314
3444,4,modified,1604
3445,4,modified,1217
3446,4,modified,1023
3447,4,modified,1335
3448,4,modified,1068
3449,4,base,2219
3450,4,modified,2396
3451,4,base,13
3452,4,base,1772
3453,4,base,2373
3454,4,modified,553
3455,4,base,116
3456,4,modified,516
3457,4,modified,1720
3458,4,modified,1299
3459,4,base,826
3460,4,modified,2084
3461,4,modified,133
3462,4,base,466
3463,4,modified,2274
3464,4,modified,1889
3465,4,modified,2
3466,4,base,1381
3467,4,modified,1219
3468,4,modified,166
3469,4,base,268
3470,4,modified,1618
3471,4,base,1502
3472,4,modified,2172
3473,4,modified,1140
3474,4,modified,989
3475,4,modified,914
3476,4,modified,355
3477,4,base,903
3478,4,base,862
3479,4,base,1174
3480,4,modified,1689
3481,4,base,477
3482,4,base,2208
3483,4,base,480
3484,4,modified,1250
3485,4,modified,617
3486,4,modified,1760
3487,4,base,2482
3488,4,modified,1474
3489,4,modified,2111
3490,4,modified,62
3491,4,modified,1135
3492,4,base,150
3493,4,base,1771
3494,4,base,1957
3495,4,base,797
3496,4,base,2221
3497,4,modified,617
3498,4,base,2028
3499,4,base,1949
3500,4,base,791
3501,4,base,619
3502,4,base,1986
3503,4,base,138
3504,4,modified,1529
3505,4,base,1747
3506,4,modified,1671
3507,4,modified,1981
3508,4,modified,813
3509,4,base,972
3510,4,base,894
3511,4,base,668
3512,4,modified,2192
3513,4,base,618
3514,4,modified,327
3515,4,modified,1476
3516,4,base,1096
3517,4,modified,2313
3518,4,base,27
3519,4,modified,2354
3520,4,modified,813
3521,4,base,2249
3522,4,base,907
3523,4,modified,1501
3524,4,base,946
3525,4,base,1778
3526,4,modified,1899
3527,4,modified,467
3528,4,base,494
3529,4,base,700
3530,4,modified,663
3531,4,base,2405
3532,4,base,2181
3533,4,modified,250
3534,4,modified,1731
3535,4,modified,2362
3536,4,modified,173
3537,4,modified,642
3538,4,modified,779
3539,4,base,424
3540,4,modified,1894
3541,4,modified,36
3542,4,base,380
3543,4,base,1001
3544,4,modified,96
3545,4,modified,2054
3546,4,modified,627
3547,4,base,1082
3548,4,modified,910
3549,4,base,930
3550,4,modified,2404
3551,4,base,66
3552,4,base,1415
3553,4,base,2016
3554,4,modified,1152
3555,4,modified,1144
3556,4,base,1737
3557,4,modified,1505
3558,4,base,816
3559,4,base,2122
3560,4,modified,426
3561,4,modified,1569
3562,4,base,165
3563,4,modified,1541
3564,4,modified,2328
3565,4,modified,237
3566,4,base,503
3567,4,base,1674
3568,4,base,142
3569,4,modified,366
3570,4,modified,144
3571,4,modified,1840
3572,4,modified,940
3573,4,base,672
3574,4,modified,2446
3575,4,base,17
3576,4,modified,1039
3577,4,modified,109
3578,4,modified,169
3579,4,modified,1725
3580,4,base,355
3581,4,base,1101
3582,4,base,2133
3583,4,base,858
3584,4,base,1055
3585,4,modified,2487
3586,4,modified,2225
3587,4,base,1072
3588,4,base,1489
3589,4,base,548
3590,4,base,1050
3591,4,base,1140
3592,4,modified,1582
3593,4,modified,488
3594,4,base,742
3595,4,base,1308
3596,4,modified,2348
3597,4,modified,1891
3598,4,base,1956
3599,4,modified,2282
3600,4,base,1741
3601,4,modified,1796
3602,4,base,918
3603,4,modified,51
3604,4,base,2247
3605,4,base,1059
3606,4,modified,2277
3607,4,base,2189
3608,4,modified,523
3609,4,base,1139
3610,4,base,2175
3611,4,modified,1449
3612,4,base,614
3613,4,base,1145
3614,4,modified,2377
3615,4,base,1472
3616,4,base,1101
3617,4,base,1186
3618,4,modified,268
3619,4,modified,2468
3620,4,modified,1319
3621,4,modified,1877
3622,4,base,774
3623,4,base,1906
3624,4,base,2274
3625,4,modified,82
3626,4,base,1322
3627,4,base,841
3628,4,base,2301
3629,4,modified,1851
3630,4,base,213
3631,4,modified,1296
3632,4,base,358
3633,4,modified,2346
3634,4,modified,458
3635,4,modified,1510
3636,4,modified,573
3637,4,modified,1021
3638,4,base,202
3639,4,modified,49
3640,4,modified,144
3641,4,base,1574
3642,4,modified,2073
3643,4,base,2393
3644,4,base,868
3645,4,base,90
3646,4,modified,2291
3647,4,base,743
3648,4,base,1057
3649,4,modified,282
3650,4,base,28
3651,4,modified,1444
3652,4,base,1179
3653,4,base,1653
3654,4,base,1298
3655,4,modified,1618
3656,4,base,523
3657,4,modified,2431
3658,4,modified,1330
3659,4,base,1310
3660,4,base,2359
3661,4,base,1850
3662,4,modified,2373
3663,4,modified,1549
3664,4,base,336
3665,4,base,1007
3666,4,base,2297
3667,4,modified,2330
3668,4,base,1933
3669,4,base,1268
3670,4,modified,665
3671,4,base,1762
3672,4,base,1971
3673,4,base,278
3674,4,modified,533
3675,4,base,541
3676,4,modified,657
3677,4,modified,1223
3678,4,modified,1060
3679,4,base,12
3680,4,modified,1632
3681,4,modified,1600
3682,4,base,1239
3683,4,base,270
3684,4,modified,2105
3685,4,base,2170
3686,4,modified,1802
3687,4,base,1328
3688,4,base,149
3689,4,modified,470
3690,4,base,191
3691,4,base,619
3692,4,modified,1011
3693,4,base,295
3694,4,base,638
3695,4,base,2430
3696,4,base,878
3697,4,base,1181
3698,4,base,882
3699,4,base,1811
3700,4,base,1265
3701,4,base,2215
3702,4,modified,1786
3703,4,base,2424
3704,4,base,2065
3705,4,modified,1126
3706,4,base,2375
3707,4,modified,52
3708,4,base,1227
3709,4,base,2491
3710,4,base,1047
3711,4,modified,1872
3712,4,base,1752
3713,4,modified,475
3714,4,modified,1192
3715,4,base,2296
3716,4,modified,1344
3717,4,base,1412
3718,4,base,2324
3719,4,modified,524
3720,4,base,2192
3721,4,base,1912
3722,4,base,1020
3723,4,base,221
3724,4,modified,1371
3725,4,base,13
3726,4,base,1280
3727,4,modified,1334
3728,4,base,658
3729,4,base,241
3730,4,base,1700
3731,4,base,2270
3732,4,modified,1325
3733,4,base,1486
3734,4,base,2267
3735,4,modified,1960
3736,4,base,293
3737,4,base,16
3738,4,modified,280
3739,4,base,1168
3740,4,modified,238
3741,4,modified,196
3742,4,base,262
3743,4,base,354
3744,4,base,1268
3745,4,base,552
3746,4,modified,888
3747,4,modified,1001
3748,4,modified,863
3749,4,base,1788
3750,4,base,2440
3751,4,base,1300
3752,4,base,1339
3753,4,base,1373
3754,4,base,593
3755,4,modified,1233
3756,4,base,1927
3757,4,base,2150
3758,4,base,1781
3759,4,base,2452
3760,4,base,719
3761,4,modified,742
3762,4,base,1368
3763,4,base,538
3764,4,base,2284
3765,4,base,1145
3766,4,modified,1478
3767,4,modified,1249
3768,4,base,1759
3769,4,base,1597
3770,4,base,2281
3771,4,modified,2198
3772,4,modified,403
3773,4,base,305
3774,4,base,189
3775,4,base,2255
3776,4,modified,2081
3777,4,base,1607
3778,4,base,226
3779,4,base,67
3780,4,base,1458
3781,4,base,399
3782,4,base,254
3783,4,modified,1178
3784,4,base,2087
3785,4,modified,1525
3786,4,base,1008
3787,4,base,1082
3788,4,base,1307
3789,4,base,1979
3790,4,base,932
3791,4,modified,230
3792,4,base,1320
3793,4,modified,909
3794,4,modified,1525
3795,4,base,2133
3796,4,base,1563
3797,4,modified,2178
3798,4,base,1759
3799,4,base,403
3800,4,modified,1687
3801,4,base,2102
3802,4,base,857
3803,4,base,2058
3804,4,base,1164
3805,4,base,337
3806,4,base,211
3807,4,base,684
3808,4,base,9
3809,4,base,1801
3810,4,base,433
3811,4,base,892
3812,4,base,493
3813,4,base,1319
3814,4,base,1441
3815,4,modified,923
3816,4,base,2249
3817,4,base,1877
3818,4,base,1828
3819,4,base,288
3820,4,base,664
3821,4,base,187
3822,4,base,2354
3823,4,base,1034
3824,4,base,1863
3825,4,base,754
3826,4,base,895
3827,4,base,2229
3828,4,modified,1674
3829,4,base,580
3830,4,base,921
3831,4,base,860
3832,4,base,1686
3833,4,base,1756
3834,4,base,1290
3835,4,modified,2334
3836,4,base,2231
3837,4,modified,994
3838,4,base,1325
3839,4,base,2487
3840,4,base,1048
3841,4,base,548
3842,4,base,980
3843,4,base,184
3844,4,modified,1295
3845,4,base,500
3846,4,base,1063
3847,4,base,50
3848,4,modified,2325
3849,4,base,2388
3850,4,base,2411
3851,4,base,1064
3852,4,base,2468
3853,4,modified,1632
3854,4,base,1406
3855,4,base,1049
3856,4,base,998
3857,4,modified,1618
3858,4,base,2122
3859,4,base,2203
3860,4,base,2412
3861,4,base,863
3862,4,base,1407
3863,4,modified,958
3864,4,base,687
3865,4,base,96
3866,4,modified,158
3867,4,base,2038
3868,4,base,973
3869,4,base,881
3870,4,modified,1066
3871,4,base,1149
3872,4,base,2330
3873,4,base,1431
3874,4,base,1637
3875,4,base,1
3876,4,base,926
3877,4,base,1730
3878,4,base,1003
3879,4,modified,1363
3880,4,base,2074
3881,4,base,357
3882,4,base,1473
3883,4,base,2374
3884,4,base,1106
3885,4,modified,1694
3886,4,base,1985
3887,4,base,2353
3888,4,base,1908
3889,4,base,1015
3890,4,base,949
3891,4,base,103
3892,4,base,1664
3893,4,base,2355
3894,4,base,564
3895,4,base,2137
3896,4,base,1323
3897,4,base,351
3898,4,base,2487
3899,4,base,587
3900,4,base,1067
3901,4,base,1416
3902,4,base,2333
3903,4,base,1758
3904,4,modified,2469
3905,4,base,727
3906,4,base,45
3907,4,base,2276
3908,4,base,534
3909,4,base,1404
3910,4,base,138
3911,4,base,1812
3912,4,base,1302
3913,4,base,1642
3914,4,base,53
3915,4,base,1337
3916,4,base,228
3917,4,base,1021
3918,4,base,2352
3919,4,base,585
3920,4,base,1614
3921,4,base,1636
3922,4,base,1965
3923,4,base,269
3924,4,base,2302
3925,4,base,2007
3926,4,base,1671
3927,4,base,2089
3928,4,base,693
3929,4,base,402
3930,4,base,575
3931,4,modified,2178
3932,4,base,384
3933,4,modified,2357
3934,4,base,1193
3935,4,base,491
3936,4,base,54
3937,4,base,1962
3938,4,base,2207
3939,4,base,303
3940,4,base,1153
3941,4,base,2072
3942,4,base,2252
3943,4,base,1081
3944,4,base,924
3945,4,base,1708
3946,4,base,302
3947,4,base,11
3948,4,base,1065
3949,4,base,1521
3950,4,base,2472
3951,4,base,1118
3952,4,base,1594
3953,4,base,505
3954,4,base,956
3955,4,base,1081
3956,4,base,1561
3957,4,base,28
3958,4,base,1408
3959,4,base,569
3960,4,base,2447
3961,4,base,2112
3962,4,base,2261
3963,4,base,2370
3964,4,base,22
3965,4,base,1740
3966,4,base,1635
3967,4,base,2261
3968,4,base,1670
3969,4,base,83
3970,4,base,583
3971,4,base,16
3972,4,base,1144
3973,4,base,970
3974,4,base,594
3975,4,base,1047
3976,4,base,987
3977,4,base,1427
3978,4,base,1457
3979,4,base,744
3980,4,base,1935
3981,4,base,1648
3982,4,base,734
3983,4,base,404
3984,4,base,1991
3985,4,base,2407
3986,4,base,1996
3987,4,base,884
3988,4,base,2357
3989,4,base,696
3990,4,modified,1968
3991,4,base,1358
3992,4,base,2311
3993,4,base,2137
3994,4,base,1260
3995,4,base,2187
3996,4,base,1381
3997,4,base,848
3998,4,base,2280
3999,4,base,2443
4000,5,base,207
4001,5,base,1551
4002,5,base,2180
4003,5,base,722
4004,5,base,979
4005,5,base,886
4006,5,base,2227
4007,5,base,1844
4008,5,base,889
4009,5,base,811
4010,5,base,523
4011,5,base,2439
4012,5,base,2016
4013,5,base,2497
4014,5,base,2049
4015,5,base,194
4016,5,base,1181
4017,5,base,1224
4018,5,base,601
4019,5,base,1173
4020,5,base,944
4021,5,base,708
4022,5,base,2197
4023,5,base,990
4024,5,base,779
4025,5,base,1647
4026,5,base,1598
4027,5,base,1794
4028,5,base,561
4029,5,base,828
4030,5,base,1919
4031,5,base,809
4032,5,base,1562
4033,5,base,1082
4034,5,base,1249
4035,5,base,166
4036,5,base,872
4037,5,base,1004
4038,5,base,206
4039,5,base,1072
4040,5,base,102
4041,5,base,1349
4042,5,base,2324
4043,5,base,1200
4044,5,base,1980
4045,5,base,962
4046,5,base,1637
4047,5,base,468
4048,5,base,1166
4049,5,base,681
4050,5,base,679
4051,5,base,1653
4052,5,base,1569
4053,5,base,2295
4054,5,base,540
4055,5,base,223
4056,5,base,350
4057,5,base,1057
4058,5,base,585
4059,5,base,524
4060,5,base,1800
4061,5,base,1701
4062,5,base,1901
4063,5,base,1123
4064,5,base,1818
4065,5,base,659
4066,5,base,302
4067,5,base,412
4068,5,base,1743
4069,5,base,327
4070,5,base,1835
4071,5,base,1160
4072,5,base,2146
4073,5,base,887
4074,5,base,1046
4075,5,base,1084
4076,5,base,1488
4077,5,base,1258
4078,5,base,940
4079,5,base,2393
4080,5,base,2347
4081,5,base,1433
4082,5,base,199
4083,5,base,163
4084,5,base,2235
4085,5,base,200
4086,5,base,705
4087,5,base,865
4088,5,base,2468
4089,5,base,48
4090,5,base,1392
4091,5,base,1354
4092,5,base,1647
4093,5,base,180
4094,5,base,1081
4095,5,base,475
4096,5,base,1013
4097,5,base,2401
4098,5,base,1804
4099,5,base,1351
4100,5,base,1001
4101,5,base,3
4102,5,base,36
4103,5,base,2121
4104,5,base,2255
4105,5,base,1454
4106,5,base,1178
4107,5,base,2480
4108,5,base,1232
4109,5,base,1613
4110,5,base,1644
4111,5,base,2350
4112,5,base,2256
4113,5,base,1300
4114,5,base,413
4115,5,base,155
4116,5,base,1026
4117,5,base,127
4118,5,base,259
4119,5,base,870
4120,5,base,947
4121,5,base,1919
4122,5,base,949
4123,5,base,1364
4124,5,base,47
4125,5,base,242
4126,5,base,459
4127,5,base,1807
4128,5,base,171
4129,5,base,285
4130,5,base,2299
4131,5,base,2419
4132,5,base,2499
4133,5,base,983
4134,5,base,1019
4135,5,base,324
4136,5,base,197
4137,5,base,918
4138,5,base,307
4139,5,base,1580
4140,5,base,2445
4141,5,base,2142
4142,5,base,776
4143,5,base,1322
4144,5,base,227
4145,5,base,476
4146,5,base,2134
4147,5,base,2311
4148,5,base,18
4149,5,base,1799
4150,5,base,2073
4151,5,base,803
4152,5,base,189
4153,5,base,1505
4154,5,base,991
4155,5,base,1499
4156,5,base,1809
4157,5,base,1704
4158,5,base,1889
4159,5,base,2157
4160,5,base,1280
4161,5,base,1690
4162,5,base,1498
4163,5,base,608
4164,5,base,1241
4165,5,base,1558
4166,5,base,2151
4167,5,base,171
4168,5,base,1814
4169,5,base,144
4170,5,base,2367
4171,5,base,210
4172,5,base,457
4173,5,base,809
4174,5,base,1265
4175,5,base,2126
4176,5,base,204
4177,5,base,911
4178,5,base,1604
4179,5,base,2053
4180,5,base,1019
4181,5,base,634
4182,5,base,873
4183,5,base,1505
4184,5,base,637
4185,5,base,2025
4186,5,base,1110
4187,5,base,1793
4188,5,base,1161
4189,5,base,1674
4190,5,base,2350
4191,5,base,2121
4192,5,base,1003
4193,5,base,2261
4194,5,base,86
4195,5,base,1223
4196,5,base,2479
4197,5,base,1418
4198,5,base,274
4199,5,base,1710
4200,5,base,1499
4201,5,base,2151
4202,5,base,354
4203,5,base,564
4204,5,base,268
4205,5,base,836
4206,5,base,939
4207,5,base,2232
4208,5,base,1986
4209,5,base,231
4210,5,base,348
4211,5,base,1136
4212,5,base,2147
4213,5,base,134
4214,5,base,1403
4215,5,base,1526
4216,5,base,1345
4217,5,base,81
4218,5,base,2259
4219,5,base,526
4220,5,base,1869
4221,5,base,822
4222,5,base,1589
4223,5,base,2136
4224,5,base,1818
4225,5,base,1425
4226,5,base,349
4227,5,base,1697
4228,5,base,989
4229,5,base,2431
4230,5,base,2461
4231,5,base,2173
4232,5,base,118
4233,5,base,317
4234,5,base,1212
4235,5,base,1736
4236,5,base,2321
4237,5,base,532
4238,5,base,1839
4239,5,base,738
4240,5,base,101
4241,5,base,2164
4242,5,base,183
4243,5,base,2272
4244,5,base,2217
4245,5,base,377
4246,5,base,2273
4247,5,base,2138
4248,5,base,1872
4249,5,base,1622
4250,5,base,2290
4251,5,base,1105
4252,5,base,1751
4253,5,base,1793
4254,5,base,1447
4255,5,base,636
4256,5,base,1206
4257,5,base,1836
4258,5,base,375
4259,5,base,687
4260,5,base,2159
4261,5,base,1263
4262,5,base,2000
4263,5,base,1107
4264,5,base,1984
4265,5,base,1936
4266,5,base,1482
4267,5,base,1418
4268,5,base,339
4269,5,base,1332
4270,5,base,2197
4271,5,base,1612
4272,5,base,835
4273,5,base,685
4274,5,base,518
4275,5,base,805
4276,5,base,1477
4277,5,base,279
4278,5,base,2114
4279,5,base,1878
4280,5,base,1584
4281,5,base,1642
4282,5,base,1477
4283,5,base,1029
4284,5,base,838
4285,5,base,1128
4286,5,base,471
4287,5,base,2475
4288,5,base,1739
4289,5,base,870
4290,5,base,2413
4291,5,base,745
4292,5,base,1556
4293,5,base,108
4294,5,base,2443
4295,5,base,1321
4296,5,base,2140
4297,5,base,1029
4298,5,base,1007
4299,5,base,1332
4300,5,base,33
4301,5,base,196
4302,5,base,1033
4303,5,base,1592
4304,5,base,575
4305,5,base,849
4306,5,base,1385
4307,5,base,1891
4308,5,base,997
4309,5,base,958
4310,5,base,1010
4311,5,base,895
4312,5,base,103
4313,5,base,1501
4314,5,base,1236
4315,5,base,328
4316,5,base,2304
4317,5,base,1521
4318,5,base,1301
4319,5,base,1035
4320,5,base,1644
4321,5,base,2421
4322,5,base,1555
4323,5,base,792
4324,5,base,914
4325,5,base,720
4326,5,base,786
4327,5,base,2167
4328,5,base,1310
4329,5,base,1801
4330,5,base,242
4331,5,base,1385
4332,5,base,1300
4333,5,base,2158
4334,5,base,1678
4335,5,base,513
4336,5,base,1473
4337,5,base,1734
4338,5,base,130
4339,5,base,1098
4340,5,base,582
4341,5,base,1465
4342,5,base,1696
4343,5,base,1771
4344,5,base,1495
4345,5,base,1874
4346,5,base,274
4347,5,base,92
4348,5,base,1446
4349,5,base,1394
4350,5,base,2389
4351,5,base,1405
4352,5,base,2330
4353,5,base,2302
4354,5,base,1264
4355,5,base,1543
4356,5,base,1813
4357,5,base,1393
4358,5,base,2188
4359,5,base,194
4360,5,base,1080
4361,5,base,468
4362,5,base,2283
4363,5,base,1098
4364,5,base,1081
4365,5,base,1410
4366,5,base,2077
4367,5,base,664
4368,5,base,2460
4369,5,base,2047
4370,5,base,195
4371,5,base,1547
4372,5,base,1914
4373,5,base,718
4374,5,base,1552
4375,5,base,1166
4376,5,base,2154
4377,5,base,545
4378,5,base,1535
4379,5,base,22
4380,5,base,2352
4381,5,base,1993
4382,5,base,210
4383,5,base,2283
4384,5,base,1248
4385,5,base,595
4386,5,base,1617
4387,5,base,1949
4388,5,base,553
4389,5,base,1348
4390,5,base,2062
4391,5,base,2099
4392,5,base,710
4393,5,base,2007
4394,5,base,1591
4395,5,base,239
4396,5,base,1516
4397,5,base,1345
4398,5,base,1871
4399,5,base,1097
4400,5,base,541
4401,5,base,2267
4402,5,base,793
4403,5,base,1451
4404,5,base,492
4405,5,base,2099
4406,5,base,1671
4407,5,base,89
4408,5,base,1253
4409,5,base,1046
4410,5,base,453
4411,5,base,2340
4412,5,base,2485
4413,5,base,483
4414,5,base,473
4415,5,base,2227
4416,5,base,404
4417,5,base,1105
4418,5,base,1345
4419,5,base,509
4420,5,base,722
4421,5,base,1772
4422,5,base,1027
4423,5,base,1775
4424,5,base,665
4425,5,base,2410
4426,5,base,990
4427,5,base,76
4428,5,base,2013
4429,5,base,644
4430,5,base,58
4431,5,base,431
4432,5,base,1034
4433,5,base,548
4434,5,base,444
4435,5,base,2138
4436,5,base,2404
4437,5,base,1521
4438,5,base,1592
4439,5,base,285
4440,5,base,1677
4441,5,base,1179
4442,5,base,1277
4443,5,base,1790
4444,5,base,263
4445,5,base,1159
4446,5,base,813
4447,5,base,382
4448,5,base,1285
4449,5,base,460
4450,5,base,2094
4451,5,base,687
4452,5,base,1965
4453,5,base,2447
4454,5,base,1982
4455,5,base,4
4456,5,base,1275
4457,5,base,986
4458,5,base,1284
4459,5,base,71
4460,5,base,2224
4461,5,base,1165
4462,5,base,397
4463,5,base,1938
4464,5,base,218
4465,5,base,872
4466,5,base,237
4467,5,base,2210
4468,5,base,135
4469,5,base,1300
4470,5,base,2435
4471,5,base,1428
4472,5,base,1322
4473,5,base,1268
4474,5,base,2022
4475,5,base,1683
4476,5,base,2340
4477,5,base,2016
4478,5,base,2250
4479,5,base,1555
4480,5,base,586
4481,5,base,134
4482,5,base,363
4483,5,base,441
4484,5,base,1187
4485,5,base,2351
4486,5,base,682
4487,5,base,428
4488,5,base,331
4489,5,base,1268
4490,5,base,71
4491,5,base,865
4492,5,base,1004
4493,5,base,2045
4494,5,base,706
4495,5,base,2299
4496,5,base,1334
4497,5,base,1221
4498,5,base,2370
4499,5,base,741
4500,5,base,2300
4501,5,base,1675
4502,5,base,1856
4503,5,base,1690
4504,5,base,1938
4505,5,base,1235
4506,5,base,505
4507,5,base,2426
4508,5,base,1246
4509,5,base,694
4510,5,base,376
4511,5,base,105
4512,5,base,1094
4513,5,base,1294
4514,5,base,1862
4515,5,base,2319
4516,5,base,431
4517,5,base,1656
4518,5,base,635
4519,5,base,2097
4520,5,base,2402
4521,5,base,719
4522,5,base,2136
4523,5,base,2252
4524,5,base,1498
4525,5,base,1064
4526,5,base,2028
4527,5,base,499
4528,5,base,1352
4529,5,base,1089
4530,5,base,2127
4531,5,base,944
4532,5,base,719
4533,5,base,1052
4534,5,base,2349
4535,5,base,2079
4536,5,base,867
4537,5,base,1790
4538,5,base,813
4539,5,base,906
4540,5,base,868
4541,5,base,559
4542,5,base,2197
4543,5,base,515
4544,5,base,1741
4545,5,base,281
4546,5,base,366
4547,5,base,1637
4548,5,base,917
4549,5,base,481
4550,5,base,1336
4551,5,base,987
4552,5,base,1520
4553,5,base,1183
4554,5,base,1440
4555,5,base,1016
4556,5,base,1232
4557,5,base,1870
4558,5,base,946
4559,5,base,953
4560,5,base,2305
4561,5,base,1969
4562,5,base,2309
4563,5,base,1270
4564,5,base,929
4565,5,base,686
4566,5,base,712
4567,5,base,1599
4568,5,base,982
4569,5,base,1785
4570,5,base,653
4571,5,base,259
4572,5,base,2056
4573,5,base,691
4574,5,base,1633
4575,5,base,981
4576,5,base,159
4577,5,base,2365
4578,5,base,328
4579,5,base,16
4580,5,base,90
4581,5,base,1692
4582,5,base,334
4583,5,base,755
4584,5,base,1182
4585,5,base,630
4586,5,base,872
4587,5,base,1177
4588,5,base,1913
4589,5,base,2264
4590,5,base,1160
4591,5,base,2096
4592,5,base,1211
4593,5,base,163
4594,5,base,550
4595,5,base,609
4596,5,base,1925
4597,5,base,560
4598,5,base,188
4599,5,base,2465
4600,5,base,1984
4601,5,base,187
4602,5,base,2090
4603,5,base,2259
4604,5,base,1076
4605,5,base,1550
4606,5,base,853
4607,5,base,429
4608,5,base,933
4609,5,base,2468
4610,5,base,203
4611,5,base,1156
4612,5,base,1131
4613,5,base,1291
4614,5,base,1851
4615,5,base,185
4616,5,base,1028
4617,5,base,688
4618,5,base,1392
4619,5,base,1455
4620,5,base,1524
4621,5,base,2405
4622,5,base,2115
4623,5,base,369
4624,5,base,1440
4625,5,base,2278
4626,5,base,890
4627,5,base,2145
4628,5,base,714
4629,5,base,783
4630,5,base,1159
4631,5,base,639
4632,5,base,2134
4633,5,base,1917
4634,5,base,443
4635,5,base,186
4636,5,base,2042
4637,5,base,1518
4638,5,base,1105
4639,5,base,52
4640,5,base,1503
4641,5,base,2087
4642,5,base,160
4643,5,base,1654
4644,5,base,1187
4645,5,base,860
4646,5,base,2095
4647,5,base,1295
4648,5,base,1412
4649,5,base,1943
4650,5,base,1710
4651,5,base,1736
4652,5,base,1098
4653,5,base,2022
4654,5,base,1016
4655,5,base,187
4656,5,base,727
4657,5,base,1322
4658,5,base,828
4659,5,base,1404
4660,5,base,778
4661,5,base,27
4662,5,base,1095
4663,5,base,1864
4664,5,base,235
4665,5,base,729
4666,5,base,110
4667,5,base,2411
4668,5,base,1005
4669,5,base,1787
4670,5,base,484
4671,5,base,2177
4672,5,base,2154
4673,5,base,1033
4674,5,base,467
4675,5,base,2489
4676,5,base,847
4677,5,base,1973
4678,5,base,2109
4679,5,base,514
4680,5,base,504
4681,5,base,2196
4682,5,base,1959
4683,5,base,1373
4684,5,base,946
4685,5,base,1025
4686,5,base,614
4687,5,base,249
4688,5,base,1276
4689,5,base,159
4690,5,base,1782
4691,5,base,1277
4692,5,base,2032
4693,5,base,2340
4694,5,base,1428
4695,5,base,1525
4696,5,base,687
4697,5,base,335
4698,5,base,1634
4699,5,base,1206
4700,5,base,2473
4701,5,base,2095
4702,5,base,1275
4703,5,base,856
4704,5,base,993
4705,5,base,1863
4706,5,base,206
4707,5,base,2016
4708,5,base,501
4709,5,base,1470
4710,5,base,385
4711,5,base,864
4712,5,base,148
4713,5,base,1570
4714,5,base,2468
4715,5,base,1683
4716,5,base,1051
4717,5,base,927
4718,5,base,400
4719,5,base,1068
4720,5,base,1319
4721,5,base,994
4722,5,base,1479
4723,5,base,128
4724,5,base,215
4725,5,base,2169
4726,5,base,130
4727,5,base,1493
4728,5,base,102
4729,5,base,1064
4730,5,base,71
4731,5,base,1707
4732,5,base,1999
4733,5,base,684
4734,5,base,1381
4735,5,base,2022
4736,5,base,2140
4737,5,base,2457
4738,5,base,894
4739,5,base,900
4740,5,base,2325
4741,5,base,2087
4742,5,base,2206
4743,5,base,2448
4744,5,base,1844
4745,5,base,2386
4746,5,base,1627
4747,5,base,542
4748,5,base,788
4749,5,base,211
4750,5,base,798
4751,5,base,1393
4752,5,base,774
4753,5,base,77
4754,5,base,1660
4755,5,base,2144
4756,5,base,408
4757,5,base,780
4758,5,base,123
4759,5,base,575
4760,5,base,1985
4761,5,base,526
4762,5,base,709
4763,5,base,1626
4764,5,base,309
4765,5,base,593
4766,5,base,2249
4767,5,base,797
4768,5,base,2389
4769,5,base,2237
4770,5,base,1713
4771,5,base,692
4772,5,base,2157
4773,5,base,1863
4774,5,base,997
4775,5,base,114
4776,5,base,1020
4777,5,base,182
4778,5,base,436
4779,5,base,2467
4780,5,base,1076
4781,5,base,39
4782,5,base,1075
4783,5,base,299
4784,5,base,2462
4785,5,base,778
4786,5,base,2463
4787,5,base,1908
4788,5,base,81
4789,5,base,2077
4790,5,base,921
4791,5,base,811
4792,5,base,682
4793,5,base,1020
4794,5,base,799
4795,5,base,1536
4796,5,base,1170
4797,5,base,819
4798,5,base,1615
4799,5,base,307
4800,5,base,1313
4801,5,base,2239
4802,5,base,800
4803,5,base,10
4804,5,base,511
4805,5,base,1882
4806,5,base,33
4807,5,base,979
4808,5,base,2480
4809,5,base,1105
4810,5,base,2491
4811,5,base,1101
4812,5,base,2114
4813,5,base,1292
4814,5,base,2250
4815,5,base,2074
4816,5,base,1220
4817,5,base,672
4818,5,base,1049
4819,5,base,98
4820,5,base,1898
4821,5,base,1436
4822,5,base,332
4823,5,base,856
4824,5,base,1473
4825,5,base,1673
4826,5,base,1267
4827,5,base,1741
4828,5,base,1127
4829,5,base,1652
4830,5,base,1950
4831,5,base,648
4832,5,base,923
4833,5,base,1713
4834,5,base,429
4835,5,base,2244
4836,5,base,1170
4837,5,base,757
4838,5,base,349
4839,5,base,252
4840,5,base,433
4841,5,base,1438
4842,5,base,445
4843,5,base,2281
4844,5,base,1502
4845,5,base,925
4846,5,base,1907
4847,5,base,688
4848,5,base,1079
4849,5,base,2190
4850,5,base,380
4851,5,base,2103
4852,5,base,155
4853,5,base,2110
4854,5,base,53
4855,5,base,840
4856,5,base,1027
4857,5,base,2135
4858,5,base,1665
4859,5,base,661
4860,5,base,2415
4861,5,base,1031
4862,5,base,1399
4863,5,base,310
4864,5,base,730
4865,5,base,758
4866,5,base,1096
4867,5,base,2319
4868,5,base,2295
4869,5,base,725
4870,5,base,810
4871,5,base,1322
4872,5,base,1863
4873,5,base,7
4874,5,base,2108
4875,5,base,2228
4876,5,base,1340
4877,5,base,350
4878,5,base,2067
4879,5,base,1969
4880,5,base,2243
4881,5,base,411
4882,5,base,2334
4883,5,base,725
4884,5,base,81
4885,5,base,2413
4886,5,base,2139
4887,5,base,807
4888,5,base,503
4889,5,base,616
4890,5,base,971
4891,5,base,372
4892,5,base,1480
4893,5,base,482
4894,5,base,1649
4895,5,base,463
4896,5,base,22
4897,5,base,597
4898,5,base,1836
4899,5,base,434
4900,5,base,2281
4901,5,base,1153
4902,5,base,2014
4903,5,base,589
4904,5,base,2035
4905,5,base,1430
4906,5,base,954
4907,5,base,2118
4908,5,base,979
4909,5,base,1351
4910,5,base,157
4911,5,base,2022
4912,5,base,511
4913,5,base,569
4914,5,base,986
4915,5,base,1033
4916,5,base,1792
4917,5,base,1274
4918,5,base,347
4919,5,base,1805
4920,5,base,1850
4921,5,base,249
4922,5,base,515
4923,5,base,1289
4924,5,base,2099
4925,5,base,1219
4926,5,base,1027
4927,5,base,561
4928,5,base,856
4929,5,base,2025
4930,5,base,1900
4931,5,base,1718
4932,5,base,2427
4933,5,base,285
4934,5,base,983
4935,5,base,313
4936,5,base,1271
4937,5,base,1049
4938,5,base,645
4939,5,base,1507
4940,5,base,2253
4941,5,base,2173
4942,5,base,1844
4943,5,base,685
4944,5,base,1765
4945,5,base,518
4946,5,base,344
4947,5,base,2269
4948,5,base,930
4949,5,base,2416
4950,5,base,1632
4951,5,base,856
4952,5,base,855
4953,5,base,2324
4954,5,base,2060
4955,5,base,1236
4956,5,base,13
4957,5,base,126
4958,5,base,499
4959,5,base,413
4960,5,base,1302
4961,5,base,2119
4962,5,base,1366
4963,5,base,288
4964,5,base,846
4965,5,base,384
4966,5,base,595
4967,5,base,1561
4968,5,base,32
4969,5,base,460
4970,5,base,327
4971,5,base,177
4972,5,base,2067
4973,5,base,231
4974,5,base,224
4975,5,base,1344
4976,5,base,2266
4977,5,base,2274
4978,5,base,228
4979,5,base,810
4980,5,base,195
4981,5,base,931
4982,5,base,1777
4983,5,base,539
4984,5,base,2256
4985,5,base,1897
4986,5,base,1660
4987,5,base,1293
4988,5,base,38
4989,5,base,1340
4990,5,base,1642
4991,5,base,2151
4992,5,base,132
4993,5,base,1870
4994,5,base,775
4995,5,base,1692
4996,5,base,2005
4997,5,base,949
4998,5,base,2201
4999,5,base,714
